1,1454385145248,2016-02-02-11-52-25AM,649.0
2,1454385145402,2016-02-02-11-52-25AM,683.0
3,1454385145582,2016-02-02-11-52-25AM,734.0
4,1454385145760,2016-02-02-11-52-25AM,672.0
5,1454385145942,2016-02-02-11-52-25AM,725.0
6,1454385146125,2016-02-02-11-52-26AM,583.0
7,1454385146304,2016-02-02-11-52-26AM,562.0
8,1454385146484,2016-02-02-11-52-26AM,648.0
9,1454385146665,2016-02-02-11-52-26AM,107.0
10,1454385146841,2016-02-02-11-52-26AM,52.0
11,1454385147020,2016-02-02-11-52-27AM,31.0
12,1454385147204,2016-02-02-11-52-27AM,19.0
13,1454385147380,2016-02-02-11-52-27AM,15.0
14,1454385147560,2016-02-02-11-52-27AM,13.0
15,1454385147738,2016-02-02-11-52-27AM,14.0
16,1454385147917,2016-02-02-11-52-27AM,15.0
17,1454385148097,2016-02-02-11-52-28AM,18.0
18,1454385148283,2016-02-02-11-52-28AM,27.0
19,1454385148466,2016-02-02-11-52-28AM,26.0
20,1454385148642,2016-02-02-11-52-28AM,33.0
21,1454385148822,2016-02-02-11-52-28AM,35.0
22,1454385148999,2016-02-02-11-52-28AM,29.0
23,1454385149181,2016-02-02-11-52-29AM,36.0
24,1454385149361,2016-02-02-11-52-29AM,70.0
25,1454385149543,2016-02-02-11-52-29AM,73.0
26,1454385149725,2016-02-02-11-52-29AM,76.0
27,1454385149905,2016-02-02-11-52-29AM,74.0
28,1454385150083,2016-02-02-11-52-30AM,70.0
29,1454385150262,2016-02-02-11-52-30AM,66.0
30,1454385150442,2016-02-02-11-52-30AM,75.0
31,1454385150627,2016-02-02-11-52-30AM,65.0
32,1454385150804,2016-02-02-11-52-30AM,54.0
33,1454385150983,2016-02-02-11-52-30AM,51.0
34,1454385151161,2016-02-02-11-52-31AM,45.0
35,1454385151340,2016-02-02-11-52-31AM,39.0
36,1454385151521,2016-02-02-11-52-31AM,33.0
37,1454385151702,2016-02-02-11-52-31AM,35.0
38,1454385151882,2016-02-02-11-52-31AM,43.0
39,1454385152060,2016-02-02-11-52-32AM,58.0
40,1454385152238,2016-02-02-11-52-32AM,37.0
41,1454385152417,2016-02-02-11-52-32AM,29.0
42,1454385152596,2016-02-02-11-52-32AM,40.0
43,1454385152778,2016-02-02-11-52-32AM,72.0
44,1454385152962,2016-02-02-11-52-32AM,82.0
45,1454385153142,2016-02-02-11-52-33AM,104.0
46,1454385153320,2016-02-02-11-52-33AM,117.0
47,1454385153500,2016-02-02-11-52-33AM,77.0
48,1454385153676,2016-02-02-11-52-33AM,58.0
49,1454385153857,2016-02-02-11-52-33AM,50.0
50,1454385154035,2016-02-02-11-52-34AM,65.0
51,1454385154220,2016-02-02-11-52-34AM,103.0
52,1454385154403,2016-02-02-11-52-34AM,100.0
53,1454385154585,2016-02-02-11-52-34AM,108.0
54,1454385154759,2016-02-02-11-52-34AM,87.0
55,1454385154941,2016-02-02-11-52-34AM,140.0
56,1454385155121,2016-02-02-11-52-35AM,204.0
57,1454385155299,2016-02-02-11-52-35AM,192.0
58,1454385155480,2016-02-02-11-52-35AM,168.0
59,1454385155659,2016-02-02-11-52-35AM,202.0
60,1454385155840,2016-02-02-11-52-35AM,251.0
61,1454385156022,2016-02-02-11-52-36AM,211.0
62,1454385156202,2016-02-02-11-52-36AM,233.0
63,1454385156383,2016-02-02-11-52-36AM,409.0
64,1454385156561,2016-02-02-11-52-36AM,385.0
65,1454385156740,2016-02-02-11-52-36AM,423.0
66,1454385156918,2016-02-02-11-52-36AM,808.0
67,1454385157098,2016-02-02-11-52-37AM,866.0
68,1454385157280,2016-02-02-11-52-37AM,1007.0
69,1454385157464,2016-02-02-11-52-37AM,684.0
70,1454385157644,2016-02-02-11-52-37AM,635.0
71,1454385157825,2016-02-02-11-52-37AM,657.0
72,1454385158002,2016-02-02-11-52-38AM,985.0
73,1454385158183,2016-02-02-11-52-38AM,4256.0
74,1454385158358,2016-02-02-11-52-38AM,1396.0
75,1454385158536,2016-02-02-11-52-38AM,514.0
76,1454385158715,2016-02-02-11-52-38AM,858.0
77,1454385158900,2016-02-02-11-52-38AM,1005.0
78,1454385159085,2016-02-02-11-52-39AM,848.0
79,1454385159263,2016-02-02-11-52-39AM,548.0
80,1454385159442,2016-02-02-11-52-39AM,287.0
81,1454385159624,2016-02-02-11-52-39AM,604.0
82,1454385159800,2016-02-02-11-52-39AM,491.0
83,1454385159982,2016-02-02-11-52-39AM,455.0
84,1454385160159,2016-02-02-11-52-40AM,432.0
85,1454385160340,2016-02-02-11-52-40AM,363.0
86,1454385160520,2016-02-02-11-52-40AM,378.0
87,1454385160701,2016-02-02-11-52-40AM,393.0
88,1454385160880,2016-02-02-11-52-40AM,407.0
89,1454385161059,2016-02-02-11-52-41AM,465.0
90,1454385161243,2016-02-02-11-52-41AM,1210.0
91,1454385161422,2016-02-02-11-52-41AM,1201.0
92,1454385161600,2016-02-02-11-52-41AM,687.0
93,1454385161776,2016-02-02-11-52-41AM,2088.0
94,1454385161954,2016-02-02-11-52-41AM,1854.0
95,1454385162136,2016-02-02-11-52-42AM,2086.0
96,1454385162318,2016-02-02-11-52-42AM,2834.0
97,1454385162503,2016-02-02-11-52-42AM,2874.0
98,1454385162684,2016-02-02-11-52-42AM,2103.0
99,1454385162865,2016-02-02-11-52-42AM,1843.0
100,1454385163046,2016-02-02-11-52-43AM,4318.0
101,1454385163225,2016-02-02-11-52-43AM,4605.0
102,1454385163405,2016-02-02-11-52-43AM,5738.0
103,1454385163582,2016-02-02-11-52-43AM,5027.0
104,1454385163759,2016-02-02-11-52-43AM,3140.0
105,1454385163941,2016-02-02-11-52-43AM,3782.0
106,1454385164122,2016-02-02-11-52-44AM,7296.0
107,1454385164300,2016-02-02-11-52-44AM,8150.0
108,1454385164482,2016-02-02-11-52-44AM,5980.0
109,1454385164664,2016-02-02-11-52-44AM,4085.0
110,1454385164844,2016-02-02-11-52-44AM,3862.0
111,1454385165026,2016-02-02-11-52-45AM,3271.0
112,1454385165201,2016-02-02-11-52-45AM,3671.0
113,1454385165382,2016-02-02-11-52-45AM,4822.0
114,1454385165563,2016-02-02-11-52-45AM,2887.0
115,1454385165744,2016-02-02-11-52-45AM,2610.0
116,1454385165927,2016-02-02-11-52-45AM,2309.0
117,1454385166106,2016-02-02-11-52-46AM,1420.0
118,1454385166285,2016-02-02-11-52-46AM,1240.0
119,1454385166464,2016-02-02-11-52-46AM,6021.0
120,1454385166646,2016-02-02-11-52-46AM,7533.0
121,1454385166827,2016-02-02-11-52-46AM,8950.0
122,1454385167007,2016-02-02-11-52-47AM,8292.0
123,1454385167189,2016-02-02-11-52-47AM,6450.0
124,1454385167368,2016-02-02-11-52-47AM,7713.0
125,1454385167547,2016-02-02-11-52-47AM,9501.0
126,1454385167726,2016-02-02-11-52-47AM,10118.0
127,1454385167903,2016-02-02-11-52-47AM,10823.0
128,1454385168085,2016-02-02-11-52-48AM,10883.0
129,1454385168264,2016-02-02-11-52-48AM,8433.0
130,1454385168445,2016-02-02-11-52-48AM,4987.0
131,1454385168629,2016-02-02-11-52-48AM,7460.0
132,1454385168808,2016-02-02-11-52-48AM,7506.0
133,1454385168989,2016-02-02-11-52-48AM,9757.0
134,1454385169170,2016-02-02-11-52-49AM,10343.0
135,1454385169348,2016-02-02-11-52-49AM,9026.0
136,1454385169529,2016-02-02-11-52-49AM,5650.0
137,1454385169706,2016-02-02-11-52-49AM,5458.0
138,1454385169884,2016-02-02-11-52-49AM,9166.0
139,1454385170064,2016-02-02-11-52-50AM,8838.0
140,1454385170242,2016-02-02-11-52-50AM,10406.0
141,1454385170424,2016-02-02-11-52-50AM,10626.0
142,1454385170607,2016-02-02-11-52-50AM,6693.0
143,1454385170788,2016-02-02-11-52-50AM,5313.0
144,1454385170966,2016-02-02-11-52-50AM,10196.0
145,1454385171144,2016-02-02-11-52-51AM,8930.0
146,1454385171323,2016-02-02-11-52-51AM,6063.0
147,1454385171503,2016-02-02-11-52-51AM,6586.0
148,1454385171682,2016-02-02-11-52-51AM,5391.0
149,1454385171859,2016-02-02-11-52-51AM,3928.0
150,1454385172039,2016-02-02-11-52-52AM,5108.0
151,1454385172219,2016-02-02-11-52-52AM,6385.0
152,1454385172399,2016-02-02-11-52-52AM,6930.0
153,1454385172580,2016-02-02-11-52-52AM,8351.0
154,1454385172762,2016-02-02-11-52-52AM,7623.0
155,1454385172942,2016-02-02-11-52-52AM,4990.0
156,1454385173120,2016-02-02-11-52-53AM,4428.0
157,1454385173301,2016-02-02-11-52-53AM,7398.0
158,1454385173483,2016-02-02-11-52-53AM,7944.0
159,1454385173661,2016-02-02-11-52-53AM,8991.0
160,1454385173842,2016-02-02-11-52-53AM,9083.0
161,1454385174021,2016-02-02-11-52-54AM,6986.0
162,1454385174196,2016-02-02-11-52-54AM,4897.0
163,1454385174376,2016-02-02-11-52-54AM,7460.0
164,1454385174558,2016-02-02-11-52-54AM,8122.0
165,1454385174737,2016-02-02-11-52-54AM,8313.0
166,1454385174915,2016-02-02-11-52-54AM,9414.0
167,1454385175095,2016-02-02-11-52-55AM,7920.0
168,1454385175279,2016-02-02-11-52-55AM,5550.0
169,1454385175460,2016-02-02-11-52-55AM,7064.0
170,1454385175641,2016-02-02-11-52-55AM,8254.0
171,1454385175820,2016-02-02-11-52-55AM,9872.0
172,1454385175999,2016-02-02-11-52-55AM,11802.0
173,1454385176179,2016-02-02-11-52-56AM,11595.0
174,1454385176359,2016-02-02-11-52-56AM,9497.0
175,1454385176536,2016-02-02-11-52-56AM,9722.0
176,1454385176717,2016-02-02-11-52-56AM,13685.0
177,1454385176897,2016-02-02-11-52-56AM,13472.0
178,1454385177078,2016-02-02-11-52-57AM,15058.0
179,1454385177260,2016-02-02-11-52-57AM,15339.0
180,1454385177444,2016-02-02-11-52-57AM,12136.0
181,1454385177616,2016-02-02-11-52-57AM,9550.0
182,1454385177800,2016-02-02-11-52-57AM,11770.0
183,1454385177980,2016-02-02-11-52-57AM,11250.0
184,1454385178160,2016-02-02-11-52-58AM,12491.0
185,1454385178342,2016-02-02-11-52-58AM,13304.0
186,1454385178524,2016-02-02-11-52-58AM,10886.0
187,1454385178706,2016-02-02-11-52-58AM,6662.0
188,1454385178887,2016-02-02-11-52-58AM,9074.0
189,1454385179068,2016-02-02-11-52-59AM,10628.0
190,1454385179250,2016-02-02-11-52-59AM,11467.0
191,1454385179432,2016-02-02-11-52-59AM,12850.0
192,1454385179613,2016-02-02-11-52-59AM,12966.0
193,1454385179795,2016-02-02-11-52-59AM,4825.0
194,1454385179975,2016-02-02-11-52-59AM,2371.0
195,1454385180157,2016-02-02-11-53-00AM,2208.0
196,1454385180340,2016-02-02-11-53-00AM,2078.0
197,1454385180530,2016-02-02-11-53-00AM,2119.0
198,1454385180704,2016-02-02-11-53-00AM,3655.0
199,1454385182146,2016-02-02-11-53-02AM,2036.0
200,1454385182147,2016-02-02-11-53-02AM,2036.0
201,1454385182148,2016-02-02-11-53-02AM,2036.0
202,1454385182148,2016-02-02-11-53-02AM,2036.0
203,1454385182149,2016-02-02-11-53-02AM,2036.0
204,1454385182150,2016-02-02-11-53-02AM,2036.0
205,1454385182150,2016-02-02-11-53-02AM,2036.0
206,1454385182284,2016-02-02-11-53-02AM,1945.0
207,1454385182469,2016-02-02-11-53-02AM,1487.0
208,1454385182637,2016-02-02-11-53-02AM,1421.0
209,1454385182816,2016-02-02-11-53-02AM,2124.0
210,1454385182999,2016-02-02-11-53-02AM,2022.0
211,1454385183175,2016-02-02-11-53-03AM,2082.0
212,1454385183354,2016-02-02-11-53-03AM,1797.0
213,1454385183533,2016-02-02-11-53-03AM,1409.0
214,1454385183711,2016-02-02-11-53-03AM,1470.0
215,1454385183893,2016-02-02-11-53-03AM,1865.0
216,1454385184078,2016-02-02-11-53-04AM,2420.0
217,1454385184251,2016-02-02-11-53-04AM,2153.0
218,1454385184431,2016-02-02-11-53-04AM,1974.0
219,1454385184611,2016-02-02-11-53-04AM,1925.0
220,1454385184792,2016-02-02-11-53-04AM,1337.0
221,1454385184972,2016-02-02-11-53-04AM,1607.0
222,1454385185151,2016-02-02-11-53-05AM,2093.0
223,1454385185330,2016-02-02-11-53-05AM,2370.0
224,1454385185508,2016-02-02-11-53-05AM,1764.0
225,1454385185686,2016-02-02-11-53-05AM,2288.0
226,1454385185870,2016-02-02-11-53-05AM,1868.0
227,1454385186050,2016-02-02-11-53-06AM,1764.0
228,1454385186231,2016-02-02-11-53-06AM,2312.0
229,1454385186410,2016-02-02-11-53-06AM,2447.0
230,1454385186590,2016-02-02-11-53-06AM,2876.0
231,1454385186766,2016-02-02-11-53-06AM,2216.0
232,1454385186946,2016-02-02-11-53-06AM,2250.0
233,1454385187125,2016-02-02-11-53-07AM,2291.0
234,1454385187303,2016-02-02-11-53-07AM,2434.0
235,1454385187484,2016-02-02-11-53-07AM,2521.0
236,1454385187665,2016-02-02-11-53-07AM,2961.0
237,1454385187847,2016-02-02-11-53-07AM,3251.0
238,1454385188027,2016-02-02-11-53-08AM,3108.0
239,1454385188213,2016-02-02-11-53-08AM,2339.0
240,1454385188393,2016-02-02-11-53-08AM,2288.0
241,1454385188573,2016-02-02-11-53-08AM,2997.0
242,1454385188751,2016-02-02-11-53-08AM,3169.0
243,1454385188932,2016-02-02-11-53-08AM,2934.0
244,1454385189112,2016-02-02-11-53-09AM,2275.0
245,1454385189288,2016-02-02-11-53-09AM,1861.0
246,1454385189468,2016-02-02-11-53-09AM,2547.0
247,1454385189648,2016-02-02-11-53-09AM,2495.0
248,1454385189828,2016-02-02-11-53-09AM,2867.0
249,1454385190007,2016-02-02-11-53-10AM,3133.0
250,1454385190188,2016-02-02-11-53-10AM,2198.0
251,1454385190364,2016-02-02-11-53-10AM,1312.0
252,1454385190543,2016-02-02-11-53-10AM,983.0
253,1454385190725,2016-02-02-11-53-10AM,1281.0
254,1454385190904,2016-02-02-11-53-10AM,1458.0
255,1454385191080,2016-02-02-11-53-11AM,1258.0
256,1454385191263,2016-02-02-11-53-11AM,1314.0
257,1454385191439,2016-02-02-11-53-11AM,1072.0
258,1454385191619,2016-02-02-11-53-11AM,811.0
259,1454385191800,2016-02-02-11-53-11AM,1122.0
260,1454385191983,2016-02-02-11-53-11AM,1455.0
261,1454385192160,2016-02-02-11-53-12AM,1880.0
262,1454385192340,2016-02-02-11-53-12AM,3151.0
263,1454385192517,2016-02-02-11-53-12AM,3168.0
264,1454385192696,2016-02-02-11-53-12AM,4189.0
265,1454385192875,2016-02-02-11-53-12AM,4116.0
266,1454385193054,2016-02-02-11-53-13AM,4643.0
267,1454385193234,2016-02-02-11-53-13AM,4930.0
268,1454385193414,2016-02-02-11-53-13AM,5220.0
269,1454385193593,2016-02-02-11-53-13AM,5522.0
270,1454385193774,2016-02-02-11-53-13AM,5597.0
271,1454385193956,2016-02-02-11-53-13AM,3452.0
272,1454385194139,2016-02-02-11-53-14AM,3615.0
273,1454385194318,2016-02-02-11-53-14AM,3962.0
274,1454385194496,2016-02-02-11-53-14AM,3618.0
275,1454385194675,2016-02-02-11-53-14AM,3018.0
276,1454385194855,2016-02-02-11-53-14AM,1642.0
277,1454385195033,2016-02-02-11-53-15AM,1522.0
278,1454385195215,2016-02-02-11-53-15AM,1651.0
279,1454385195400,2016-02-02-11-53-15AM,1960.0
280,1454385195583,2016-02-02-11-53-15AM,2054.0
281,1454385195769,2016-02-02-11-53-15AM,2412.0
282,1454385195950,2016-02-02-11-53-15AM,1467.0
283,1454385196129,2016-02-02-11-53-16AM,811.0
284,1454385196315,2016-02-02-11-53-16AM,926.0
285,1454385196497,2016-02-02-11-53-16AM,1569.0
286,1454385196680,2016-02-02-11-53-16AM,1075.0
287,1454385196864,2016-02-02-11-53-16AM,1300.0
288,1454385197043,2016-02-02-11-53-17AM,1500.0
289,1454385197228,2016-02-02-11-53-17AM,827.0
290,1454385197405,2016-02-02-11-53-17AM,788.0
291,1454385197589,2016-02-02-11-53-17AM,904.0
292,1454385197768,2016-02-02-11-53-17AM,949.0
293,1454385197953,2016-02-02-11-53-17AM,969.0
294,1454385198132,2016-02-02-11-53-18AM,1110.0
295,1454385198316,2016-02-02-11-53-18AM,850.0
296,1454385198497,2016-02-02-11-53-18AM,803.0
297,1454385198679,2016-02-02-11-53-18AM,774.0
298,1454385198862,2016-02-02-11-53-18AM,715.0
299,1454385199045,2016-02-02-11-53-19AM,747.0
300,1454385199228,2016-02-02-11-53-19AM,1121.0
301,1454385199413,2016-02-02-11-53-19AM,1657.0
302,1454385199595,2016-02-02-11-53-19AM,1682.0
303,1454385199781,2016-02-02-11-53-19AM,2466.0
304,1454385199989,2016-02-02-11-53-19AM,2927.0
305,1454385200170,2016-02-02-11-53-20AM,2915.0
306,1454385200356,2016-02-02-11-53-20AM,3659.0
307,1454385200540,2016-02-02-11-53-20AM,2972.0
308,1454385200725,2016-02-02-11-53-20AM,3110.0
309,1454385200911,2016-02-02-11-53-20AM,4153.0
310,1454385201097,2016-02-02-11-53-21AM,3756.0
311,1454385201279,2016-02-02-11-53-21AM,3802.0
312,1454385201464,2016-02-02-11-53-21AM,4299.0
313,1454385201650,2016-02-02-11-53-21AM,4225.0
314,1454385201835,2016-02-02-11-53-21AM,3913.0
315,1454385202020,2016-02-02-11-53-22AM,4323.0
316,1454385202204,2016-02-02-11-53-22AM,4947.0
317,1454385202390,2016-02-02-11-53-22AM,4748.0
318,1454385202575,2016-02-02-11-53-22AM,5404.0
319,1454385202760,2016-02-02-11-53-22AM,5681.0
320,1454385202945,2016-02-02-11-53-22AM,5977.0
321,1454385203131,2016-02-02-11-53-23AM,6042.0
322,1454385203315,2016-02-02-11-53-23AM,8471.0
323,1454385203500,2016-02-02-11-53-23AM,9040.0
324,1454385203684,2016-02-02-11-53-23AM,9349.0
325,1454385203870,2016-02-02-11-53-23AM,10201.0
326,1454385204055,2016-02-02-11-53-24AM,8315.0
327,1454385204237,2016-02-02-11-53-24AM,7439.0
328,1454385204423,2016-02-02-11-53-24AM,6853.0
329,1454385204608,2016-02-02-11-53-24AM,6153.0
330,1454385204793,2016-02-02-11-53-24AM,6030.0
331,1454385204977,2016-02-02-11-53-24AM,6508.0
332,1454385205162,2016-02-02-11-53-25AM,6157.0
333,1454385205346,2016-02-02-11-53-25AM,6562.0
334,1454385205531,2016-02-02-11-53-25AM,5731.0
335,1454385205714,2016-02-02-11-53-25AM,6098.0
336,1454385205901,2016-02-02-11-53-25AM,6590.0
337,1454385206085,2016-02-02-11-53-26AM,5986.0
338,1454385206270,2016-02-02-11-53-26AM,6753.0
339,1454385206455,2016-02-02-11-53-26AM,6431.0
340,1454385206638,2016-02-02-11-53-26AM,5978.0
341,1454385206821,2016-02-02-11-53-26AM,6336.0
342,1454385207007,2016-02-02-11-53-27AM,6527.0
343,1454385207192,2016-02-02-11-53-27AM,6490.0
344,1454385207378,2016-02-02-11-53-27AM,7803.0
345,1454385207563,2016-02-02-11-53-27AM,6660.0
346,1454385207745,2016-02-02-11-53-27AM,7670.0
347,1454385207928,2016-02-02-11-53-27AM,8961.0
348,1454385208114,2016-02-02-11-53-28AM,6415.0
349,1454385208299,2016-02-02-11-53-28AM,6974.0
350,1454385208485,2016-02-02-11-53-28AM,7021.0
351,1454385208669,2016-02-02-11-53-28AM,5999.0
352,1454385208855,2016-02-02-11-53-28AM,6910.0
353,1454385209039,2016-02-02-11-53-29AM,8476.0
354,1454385209223,2016-02-02-11-53-29AM,7646.0
355,1454385209407,2016-02-02-11-53-29AM,8383.0
356,1454385209594,2016-02-02-11-53-29AM,7721.0
357,1454385209775,2016-02-02-11-53-29AM,7383.0
358,1454385209964,2016-02-02-11-53-29AM,7885.0
359,1454385210150,2016-02-02-11-53-30AM,7965.0
360,1454385210331,2016-02-02-11-53-30AM,7427.0
361,1454385210513,2016-02-02-11-53-30AM,7592.0
362,1454385210698,2016-02-02-11-53-30AM,8445.0
363,1454385210883,2016-02-02-11-53-30AM,7769.0
364,1454385211069,2016-02-02-11-53-31AM,9038.0
365,1454385211255,2016-02-02-11-53-31AM,8551.0
366,1454385211441,2016-02-02-11-53-31AM,8234.0
367,1454385211625,2016-02-02-11-53-31AM,8488.0
368,1454385211806,2016-02-02-11-53-31AM,6137.0
369,1454385211993,2016-02-02-11-53-31AM,5887.0
370,1454385212174,2016-02-02-11-53-32AM,7927.0
371,1454385212360,2016-02-02-11-53-32AM,7290.0
372,1454385212545,2016-02-02-11-53-32AM,7267.0
373,1454385212731,2016-02-02-11-53-32AM,7336.0
374,1454385212916,2016-02-02-11-53-32AM,6768.0
375,1454385213101,2016-02-02-11-53-33AM,7712.0
376,1454385213289,2016-02-02-11-53-33AM,7429.0
377,1454385213474,2016-02-02-11-53-33AM,7269.0
378,1454385213655,2016-02-02-11-53-33AM,7010.0
379,1454385213842,2016-02-02-11-53-33AM,6575.0
380,1454385214025,2016-02-02-11-53-34AM,6859.0
381,1454385214210,2016-02-02-11-53-34AM,6992.0
382,1454385214390,2016-02-02-11-53-34AM,6711.0
383,1454385214572,2016-02-02-11-53-34AM,7349.0
384,1454385214754,2016-02-02-11-53-34AM,9683.0
385,1454385214937,2016-02-02-11-53-34AM,8829.0
386,1454385215119,2016-02-02-11-53-35AM,9194.0
387,1454385215299,2016-02-02-11-53-35AM,9450.0
388,1454385215481,2016-02-02-11-53-35AM,8553.0
389,1454385215666,2016-02-02-11-53-35AM,7325.0
390,1454385215842,2016-02-02-11-53-35AM,6606.0
391,1454385216030,2016-02-02-11-53-36AM,6253.0
392,1454385216212,2016-02-02-11-53-36AM,7488.0
393,1454385216388,2016-02-02-11-53-36AM,8405.0
394,1454385224042,2016-02-02-11-53-44AM,10574.0
395,1454385224194,2016-02-02-11-53-44AM,7924.0
396,1454385224379,2016-02-02-11-53-44AM,12496.0
397,1454385224558,2016-02-02-11-53-44AM,17022.0
398,1454385224737,2016-02-02-11-53-44AM,11564.0
399,1454385224921,2016-02-02-11-53-44AM,8370.0
400,1454385226034,2016-02-02-11-53-46AM,19015.0
401,1454385226083,2016-02-02-11-53-46AM,5526.0
402,1454385226084,2016-02-02-11-53-46AM,5526.0
403,1454385226086,2016-02-02-11-53-46AM,5526.0
404,1454385226087,2016-02-02-11-53-46AM,5526.0
405,1454385226088,2016-02-02-11-53-46AM,5526.0
406,1454385226268,2016-02-02-11-53-46AM,4964.0
407,1454385226449,2016-02-02-11-53-46AM,9509.0
408,1454385226631,2016-02-02-11-53-46AM,6024.0
409,1454385226813,2016-02-02-11-53-46AM,5483.0
410,1454385226994,2016-02-02-11-53-46AM,5264.0
411,1454385237085,2016-02-02-11-53-57AM,898.0
412,1454385237255,2016-02-02-11-53-57AM,1368.0
413,1454385237441,2016-02-02-11-53-57AM,1161.0
414,1454385237622,2016-02-02-11-53-57AM,1027.0
415,1454385237808,2016-02-02-11-53-57AM,719.0
416,1454385237992,2016-02-02-11-53-57AM,717.0
417,1454385238176,2016-02-02-11-53-58AM,767.0
418,1454385238357,2016-02-02-11-53-58AM,602.0
419,1454385238540,2016-02-02-11-53-58AM,665.0
420,1454385238726,2016-02-02-11-53-58AM,728.0
421,1454385238913,2016-02-02-11-53-58AM,703.0
422,1454385239098,2016-02-02-11-53-59AM,613.0
423,1454385239285,2016-02-02-11-53-59AM,677.0
424,1454385239468,2016-02-02-11-53-59AM,819.0
425,1454385239655,2016-02-02-11-53-59AM,681.0
426,1454385239837,2016-02-02-11-53-59AM,789.0
427,1454385240023,2016-02-02-11-54-00AM,861.0
428,1454385240207,2016-02-02-11-54-00AM,808.0
429,1454385240393,2016-02-02-11-54-00AM,1070.0
430,1454385240577,2016-02-02-11-54-00AM,1012.0
431,1454385240766,2016-02-02-11-54-00AM,1113.0
432,1454385240953,2016-02-02-11-54-00AM,1243.0
433,1454385241137,2016-02-02-11-54-01AM,1200.0
434,1454385241323,2016-02-02-11-54-01AM,1356.0
435,1454385241508,2016-02-02-11-54-01AM,1319.0
436,1454385241695,2016-02-02-11-54-01AM,1090.0
437,1454385241879,2016-02-02-11-54-01AM,1294.0
438,1454385242063,2016-02-02-11-54-02AM,1968.0
439,1454385242248,2016-02-02-11-54-02AM,1829.0
440,1454385242434,2016-02-02-11-54-02AM,1725.0
441,1454385242620,2016-02-02-11-54-02AM,1539.0
442,1454385242805,2016-02-02-11-54-02AM,1185.0
443,1454385242992,2016-02-02-11-54-02AM,965.0
444,1454385243175,2016-02-02-11-54-03AM,1000.0
445,1454385243360,2016-02-02-11-54-03AM,963.0
446,1454385243544,2016-02-02-11-54-03AM,1026.0
447,1454385243728,2016-02-02-11-54-03AM,766.0
448,1454385243912,2016-02-02-11-54-03AM,756.0
449,1454385244100,2016-02-02-11-54-04AM,659.0
450,1454385244286,2016-02-02-11-54-04AM,637.0
451,1454385244471,2016-02-02-11-54-04AM,610.0
452,1454385244653,2016-02-02-11-54-04AM,549.0
453,1454385244837,2016-02-02-11-54-04AM,533.0
454,1454385245022,2016-02-02-11-54-05AM,600.0
455,1454385245204,2016-02-02-11-54-05AM,572.0
456,1454385245389,2016-02-02-11-54-05AM,725.0
457,1454385245571,2016-02-02-11-54-05AM,915.0
458,1454385245758,2016-02-02-11-54-05AM,891.0
459,1454385245943,2016-02-02-11-54-05AM,911.0
460,1454385246127,2016-02-02-11-54-06AM,1227.0
461,1454385246313,2016-02-02-11-54-06AM,1315.0
462,1454385246495,2016-02-02-11-54-06AM,1325.0
463,1454385246683,2016-02-02-11-54-06AM,2212.0
464,1454385246872,2016-02-02-11-54-06AM,2204.0
465,1454385247057,2016-02-02-11-54-07AM,3095.0
466,1454385247239,2016-02-02-11-54-07AM,3244.0
467,1454385247426,2016-02-02-11-54-07AM,3285.0
468,1454385247606,2016-02-02-11-54-07AM,4543.0
469,1454385247794,2016-02-02-11-54-07AM,5140.0
470,1454385247977,2016-02-02-11-54-07AM,4874.0
471,1454385248163,2016-02-02-11-54-08AM,5550.0
472,1454385248347,2016-02-02-11-54-08AM,4718.0
473,1454385248530,2016-02-02-11-54-08AM,5448.0
474,1454385248715,2016-02-02-11-54-08AM,5533.0
475,1454385248900,2016-02-02-11-54-08AM,5247.0
476,1454385249084,2016-02-02-11-54-09AM,5452.0
477,1454385249270,2016-02-02-11-54-09AM,3690.0
478,1454385249454,2016-02-02-11-54-09AM,4140.0
479,1454385249640,2016-02-02-11-54-09AM,3447.0
480,1454385249824,2016-02-02-11-54-09AM,3705.0
481,1454385250007,2016-02-02-11-54-10AM,3692.0
482,1454385250193,2016-02-02-11-54-10AM,4298.0
483,1454385250377,2016-02-02-11-54-10AM,3893.0
484,1454385250562,2016-02-02-11-54-10AM,1837.0
485,1454385250747,2016-02-02-11-54-10AM,3072.0
486,1454385250933,2016-02-02-11-54-10AM,3452.0
487,1454385251115,2016-02-02-11-54-11AM,2466.0
488,1454385251302,2016-02-02-11-54-11AM,3368.0
489,1454385251486,2016-02-02-11-54-11AM,3483.0
490,1454385251671,2016-02-02-11-54-11AM,3052.0
491,1454385251856,2016-02-02-11-54-11AM,3691.0
492,1454385252042,2016-02-02-11-54-12AM,3855.0
493,1454385252226,2016-02-02-11-54-12AM,3670.0
494,1454385252414,2016-02-02-11-54-12AM,4178.0
495,1454385252599,2016-02-02-11-54-12AM,3763.0
496,1454385252784,2016-02-02-11-54-12AM,3475.0
497,1454385252969,2016-02-02-11-54-12AM,4337.0
498,1454385253154,2016-02-02-11-54-13AM,4977.0
499,1454385253338,2016-02-02-11-54-13AM,4812.0
500,1454385253523,2016-02-02-11-54-13AM,4875.0
501,1454385253708,2016-02-02-11-54-13AM,3158.0
502,1454385253894,2016-02-02-11-54-13AM,2233.0
503,1454385254078,2016-02-02-11-54-14AM,1239.0
504,1454385254263,2016-02-02-11-54-14AM,1431.0
505,1454385254447,2016-02-02-11-54-14AM,1691.0
506,1454385254633,2016-02-02-11-54-14AM,1069.0
507,1454385254816,2016-02-02-11-54-14AM,981.0
508,1454385255004,2016-02-02-11-54-15AM,1078.0
509,1454385255188,2016-02-02-11-54-15AM,1121.0
510,1454385255374,2016-02-02-11-54-15AM,1099.0
511,1454385255557,2016-02-02-11-54-15AM,1055.0
512,1454385255743,2016-02-02-11-54-15AM,1020.0
513,1454385255927,2016-02-02-11-54-15AM,984.0
514,1454385256114,2016-02-02-11-54-16AM,1000.0
515,1454385256297,2016-02-02-11-54-16AM,1042.0
516,1454385256479,2016-02-02-11-54-16AM,978.0
517,1454385256666,2016-02-02-11-54-16AM,1003.0
518,1454385256851,2016-02-02-11-54-16AM,1244.0
519,1454385257036,2016-02-02-11-54-17AM,1073.0
520,1454385257223,2016-02-02-11-54-17AM,1034.0
521,1454385257407,2016-02-02-11-54-17AM,1010.0
522,1454385257594,2016-02-02-11-54-17AM,938.0
523,1454385257778,2016-02-02-11-54-17AM,1018.0
524,1454385257965,2016-02-02-11-54-17AM,1241.0
525,1454385258149,2016-02-02-11-54-18AM,1208.0
526,1454385258334,2016-02-02-11-54-18AM,1197.0
527,1454385258517,2016-02-02-11-54-18AM,1213.0
528,1454385258704,2016-02-02-11-54-18AM,1126.0
529,1454385258887,2016-02-02-11-54-18AM,1070.0
530,1454385259071,2016-02-02-11-54-19AM,1182.0
531,1454385259254,2016-02-02-11-54-19AM,1255.0
532,1454385259443,2016-02-02-11-54-19AM,1240.0
533,1454385259626,2016-02-02-11-54-19AM,1186.0
534,1454385259812,2016-02-02-11-54-19AM,1192.0
535,1454385259995,2016-02-02-11-54-19AM,1216.0
536,1454385260180,2016-02-02-11-54-20AM,1178.0
537,1454385260364,2016-02-02-11-54-20AM,1386.0
538,1454385260550,2016-02-02-11-54-20AM,1409.0
539,1454385260736,2016-02-02-11-54-20AM,1260.0
540,1454385260921,2016-02-02-11-54-20AM,1244.0
541,1454385261106,2016-02-02-11-54-21AM,1412.0
542,1454385261290,2016-02-02-11-54-21AM,1524.0
543,1454385261475,2016-02-02-11-54-21AM,1752.0
544,1454385261660,2016-02-02-11-54-21AM,2252.0
545,1454385261845,2016-02-02-11-54-21AM,1930.0
546,1454385262030,2016-02-02-11-54-22AM,1822.0
547,1454385262215,2016-02-02-11-54-22AM,1885.0
548,1454385262401,2016-02-02-11-54-22AM,1379.0
549,1454385262584,2016-02-02-11-54-22AM,1767.0
550,1454385262770,2016-02-02-11-54-22AM,1391.0
551,1454385262956,2016-02-02-11-54-22AM,1350.0
552,1454385263140,2016-02-02-11-54-23AM,1118.0
553,1454385263322,2016-02-02-11-54-23AM,1610.0
554,1454385263508,2016-02-02-11-54-23AM,1534.0
555,1454385263695,2016-02-02-11-54-23AM,1872.0
556,1454385263880,2016-02-02-11-54-23AM,1388.0
557,1454385264064,2016-02-02-11-54-24AM,1332.0
558,1454385264246,2016-02-02-11-54-24AM,1235.0
559,1454385264434,2016-02-02-11-54-24AM,1387.0
560,1454385264620,2016-02-02-11-54-24AM,1785.0
561,1454385264804,2016-02-02-11-54-24AM,1430.0
562,1454385264988,2016-02-02-11-54-24AM,782.0
563,1454385265174,2016-02-02-11-54-25AM,552.0
564,1454385265360,2016-02-02-11-54-25AM,441.0
565,1454385265544,2016-02-02-11-54-25AM,438.0
566,1454385265729,2016-02-02-11-54-25AM,602.0
567,1454385265914,2016-02-02-11-54-25AM,642.0
568,1454385266099,2016-02-02-11-54-26AM,552.0
569,1454385266283,2016-02-02-11-54-26AM,554.0
570,1454385266470,2016-02-02-11-54-26AM,705.0
571,1454385266654,2016-02-02-11-54-26AM,611.0
572,1454385266840,2016-02-02-11-54-26AM,781.0
573,1454385267023,2016-02-02-11-54-27AM,574.0
574,1454385267203,2016-02-02-11-54-27AM,880.0
575,1454385267392,2016-02-02-11-54-27AM,1143.0
576,1454385267578,2016-02-02-11-54-27AM,771.0
577,1454385267763,2016-02-02-11-54-27AM,591.0
578,1454385267947,2016-02-02-11-54-27AM,726.0
579,1454385268131,2016-02-02-11-54-28AM,712.0
580,1454385268314,2016-02-02-11-54-28AM,729.0
581,1454385268500,2016-02-02-11-54-28AM,661.0
582,1454385268685,2016-02-02-11-54-28AM,807.0
583,1454385268869,2016-02-02-11-54-28AM,866.0
584,1454385269055,2016-02-02-11-54-29AM,706.0
585,1454385269239,2016-02-02-11-54-29AM,969.0
586,1454385269425,2016-02-02-11-54-29AM,493.0
587,1454385269607,2016-02-02-11-54-29AM,689.0
588,1454385269789,2016-02-02-11-54-29AM,655.0
589,1454385269974,2016-02-02-11-54-29AM,700.0
590,1454385270158,2016-02-02-11-54-30AM,783.0
591,1454385270343,2016-02-02-11-54-30AM,662.0
592,1454385270529,2016-02-02-11-54-30AM,599.0
593,1454385270713,2016-02-02-11-54-30AM,547.0
594,1454385270895,2016-02-02-11-54-30AM,525.0
595,1454385271077,2016-02-02-11-54-31AM,513.0
596,1454385271264,2016-02-02-11-54-31AM,488.0
597,1454385271446,2016-02-02-11-54-31AM,491.0
598,1454385271633,2016-02-02-11-54-31AM,516.0
599,1454385271816,2016-02-02-11-54-31AM,568.0
600,1454385272001,2016-02-02-11-54-32AM,565.0
601,1454385272190,2016-02-02-11-54-32AM,540.0
602,1454385272375,2016-02-02-11-54-32AM,516.0
603,1454385272559,2016-02-02-11-54-32AM,524.0
604,1454385272746,2016-02-02-11-54-32AM,558.0
605,1454385272932,2016-02-02-11-54-32AM,516.0
606,1454385273117,2016-02-02-11-54-33AM,508.0
607,1454385273303,2016-02-02-11-54-33AM,607.0
608,1454385273488,2016-02-02-11-54-33AM,631.0
609,1454385273674,2016-02-02-11-54-33AM,635.0
610,1454385273858,2016-02-02-11-54-33AM,659.0
611,1454385274044,2016-02-02-11-54-34AM,623.0
612,1454385274229,2016-02-02-11-54-34AM,594.0
613,1454385274415,2016-02-02-11-54-34AM,592.0
614,1454385274600,2016-02-02-11-54-34AM,582.0
615,1454385274785,2016-02-02-11-54-34AM,579.0
616,1454385274968,2016-02-02-11-54-34AM,566.0
617,1454385275154,2016-02-02-11-54-35AM,555.0
618,1454385275338,2016-02-02-11-54-35AM,566.0
619,1454385275524,2016-02-02-11-54-35AM,524.0
620,1454385275710,2016-02-02-11-54-35AM,520.0
621,1454385275896,2016-02-02-11-54-35AM,524.0
622,1454385276081,2016-02-02-11-54-36AM,524.0
623,1454385276266,2016-02-02-11-54-36AM,535.0
624,1454385276453,2016-02-02-11-54-36AM,540.0
625,1454385276639,2016-02-02-11-54-36AM,540.0
626,1454385276825,2016-02-02-11-54-36AM,540.0
627,1454385277011,2016-02-02-11-54-37AM,532.0
628,1454385277196,2016-02-02-11-54-37AM,532.0
629,1454385277381,2016-02-02-11-54-37AM,540.0
630,1454385277566,2016-02-02-11-54-37AM,543.0
631,1454385277751,2016-02-02-11-54-37AM,550.0
632,1454385277937,2016-02-02-11-54-37AM,552.0
633,1454385278123,2016-02-02-11-54-38AM,552.0
634,1454385278308,2016-02-02-11-54-38AM,556.0
635,1454385278495,2016-02-02-11-54-38AM,552.0
636,1454385278681,2016-02-02-11-54-38AM,558.0
637,1454385278865,2016-02-02-11-54-38AM,560.0
638,1454385279047,2016-02-02-11-54-39AM,568.0
639,1454385279234,2016-02-02-11-54-39AM,576.0
640,1454385279417,2016-02-02-11-54-39AM,597.0
641,1454385279604,2016-02-02-11-54-39AM,635.0
642,1454385279790,2016-02-02-11-54-39AM,694.0
643,1454385279976,2016-02-02-11-54-39AM,858.0
644,1454385280161,2016-02-02-11-54-40AM,1325.0
645,1454385280346,2016-02-02-11-54-40AM,2058.0
646,1454385280531,2016-02-02-11-54-40AM,2210.0
647,1454385280717,2016-02-02-11-54-40AM,1965.0
648,1454385280903,2016-02-02-11-54-40AM,1578.0
649,1454385281087,2016-02-02-11-54-41AM,1479.0
650,1454385281273,2016-02-02-11-54-41AM,1245.0
651,1454385281458,2016-02-02-11-54-41AM,1193.0
652,1454385281642,2016-02-02-11-54-41AM,1215.0
653,1454385281828,2016-02-02-11-54-41AM,1276.0
654,1454385282015,2016-02-02-11-54-42AM,1310.0
655,1454385282200,2016-02-02-11-54-42AM,1322.0
656,1454385282385,2016-02-02-11-54-42AM,1355.0
657,1454385282571,2016-02-02-11-54-42AM,1615.0
658,1454385282754,2016-02-02-11-54-42AM,2159.0
659,1454385282940,2016-02-02-11-54-42AM,2697.0
660,1454385283127,2016-02-02-11-54-43AM,2851.0
661,1454385283314,2016-02-02-11-54-43AM,3547.0
662,1454385283500,2016-02-02-11-54-43AM,4249.0
663,1454385283686,2016-02-02-11-54-43AM,4981.0
664,1454385283871,2016-02-02-11-54-43AM,5294.0
665,1454385284055,2016-02-02-11-54-44AM,5398.0
666,1454385284239,2016-02-02-11-54-44AM,5354.0
667,1454385284425,2016-02-02-11-54-44AM,5344.0
668,1454385284611,2016-02-02-11-54-44AM,5318.0
669,1454385284796,2016-02-02-11-54-44AM,5294.0
670,1454385284983,2016-02-02-11-54-44AM,5274.0
671,1454385285167,2016-02-02-11-54-45AM,5258.0
672,1454385285354,2016-02-02-11-54-45AM,5260.0
673,1454385285539,2016-02-02-11-54-45AM,5271.0
674,1454385285722,2016-02-02-11-54-45AM,5319.0
675,1454385285905,2016-02-02-11-54-45AM,5351.0
676,1454385286093,2016-02-02-11-54-46AM,5250.0
677,1454385286278,2016-02-02-11-54-46AM,5194.0
678,1454385286464,2016-02-02-11-54-46AM,5187.0
679,1454385286649,2016-02-02-11-54-46AM,5146.0
680,1454385286837,2016-02-02-11-54-46AM,5106.0
681,1454385287022,2016-02-02-11-54-47AM,5067.0
682,1454385287207,2016-02-02-11-54-47AM,5059.0
683,1454385287392,2016-02-02-11-54-47AM,5063.0
684,1454385287577,2016-02-02-11-54-47AM,5071.0
685,1454385287763,2016-02-02-11-54-47AM,5071.0
686,1454385287947,2016-02-02-11-54-47AM,5048.0
687,1454385288133,2016-02-02-11-54-48AM,5035.0
688,1454385288316,2016-02-02-11-54-48AM,5067.0
689,1454385288503,2016-02-02-11-54-48AM,5067.0
690,1454385288689,2016-02-02-11-54-48AM,5078.0
691,1454385288875,2016-02-02-11-54-48AM,5033.0
692,1454385289060,2016-02-02-11-54-49AM,4972.0
693,1454385289245,2016-02-02-11-54-49AM,4969.0
694,1454385289430,2016-02-02-11-54-49AM,4964.0
695,1454385289615,2016-02-02-11-54-49AM,4991.0
696,1454385289802,2016-02-02-11-54-49AM,5019.0
697,1454385289987,2016-02-02-11-54-49AM,4988.0
698,1454385290173,2016-02-02-11-54-50AM,4948.0
699,1454385290358,2016-02-02-11-54-50AM,4919.0
700,1454385290545,2016-02-02-11-54-50AM,4845.0
701,1454385290730,2016-02-02-11-54-50AM,4880.0
702,1454385290915,2016-02-02-11-54-50AM,4905.0
703,1454385291100,2016-02-02-11-54-51AM,4837.0
704,1454385291285,2016-02-02-11-54-51AM,4942.0
705,1454385291472,2016-02-02-11-54-51AM,5314.0
706,1454385291658,2016-02-02-11-54-51AM,5445.0
707,1454385291844,2016-02-02-11-54-51AM,5591.0
708,1454385292028,2016-02-02-11-54-52AM,5601.0
709,1454385292214,2016-02-02-11-54-52AM,5495.0
710,1454385292399,2016-02-02-11-54-52AM,5648.0
711,1454385292584,2016-02-02-11-54-52AM,5578.0
712,1454385292771,2016-02-02-11-54-52AM,4998.0
713,1454385292956,2016-02-02-11-54-52AM,4749.0
714,1454385293141,2016-02-02-11-54-53AM,4963.0
715,1454385293326,2016-02-02-11-54-53AM,5242.0
716,1454385293512,2016-02-02-11-54-53AM,5316.0
717,1454385293698,2016-02-02-11-54-53AM,5183.0
718,1454385293884,2016-02-02-11-54-53AM,5148.0
719,1454385294069,2016-02-02-11-54-54AM,5348.0
720,1454385294256,2016-02-02-11-54-54AM,5418.0
721,1454385294441,2016-02-02-11-54-54AM,5539.0
722,1454385294626,2016-02-02-11-54-54AM,5663.0
723,1454385294811,2016-02-02-11-54-54AM,5647.0
724,1454385294995,2016-02-02-11-54-54AM,5596.0
725,1454385295179,2016-02-02-11-54-55AM,5634.0
726,1454385295365,2016-02-02-11-54-55AM,5623.0
727,1454385295552,2016-02-02-11-54-55AM,5650.0
728,1454385295738,2016-02-02-11-54-55AM,5654.0
729,1454385295923,2016-02-02-11-54-55AM,5631.0
730,1454385296109,2016-02-02-11-54-56AM,5608.0
731,1454385296296,2016-02-02-11-54-56AM,5547.0
732,1454385296481,2016-02-02-11-54-56AM,5586.0
733,1454385296666,2016-02-02-11-54-56AM,5573.0
734,1454385296852,2016-02-02-11-54-56AM,5223.0
735,1454385297038,2016-02-02-11-54-57AM,5250.0
736,1454385297219,2016-02-02-11-54-57AM,5251.0
737,1454385297407,2016-02-02-11-54-57AM,5165.0
738,1454385297594,2016-02-02-11-54-57AM,5130.0
739,1454385297780,2016-02-02-11-54-57AM,5122.0
740,1454385297966,2016-02-02-11-54-57AM,5080.0
741,1454385298152,2016-02-02-11-54-58AM,5080.0
742,1454385298336,2016-02-02-11-54-58AM,5075.0
743,1454385298523,2016-02-02-11-54-58AM,5081.0
744,1454385298707,2016-02-02-11-54-58AM,5176.0
745,1454385298893,2016-02-02-11-54-58AM,5221.0
746,1454385299079,2016-02-02-11-54-59AM,5291.0
747,1454385299266,2016-02-02-11-54-59AM,5262.0
748,1454385299451,2016-02-02-11-54-59AM,5234.0
749,1454385299636,2016-02-02-11-54-59AM,5189.0
750,1454385299819,2016-02-02-11-54-59AM,5184.0
751,1454385300006,2016-02-02-11-55-00AM,5192.0
752,1454385300188,2016-02-02-11-55-00AM,5137.0
753,1454385300376,2016-02-02-11-55-00AM,5015.0
754,1454385300561,2016-02-02-11-55-00AM,4734.0
755,1454385300747,2016-02-02-11-55-00AM,4562.0
756,1454385300930,2016-02-02-11-55-00AM,4546.0
757,1454385301114,2016-02-02-11-55-01AM,4654.0
758,1454385301300,2016-02-02-11-55-01AM,5296.0
759,1454385301485,2016-02-02-11-55-01AM,5443.0
760,1454385301727,2016-02-02-11-55-01AM,4133.0
761,1454385301908,2016-02-02-11-55-01AM,3662.0
762,1454385302092,2016-02-02-11-55-02AM,3444.0
763,1454385302272,2016-02-02-11-55-02AM,3294.0
764,1454385302452,2016-02-02-11-55-02AM,2556.0
765,1454385302634,2016-02-02-11-55-02AM,1779.0
766,1454385302816,2016-02-02-11-55-02AM,2298.0
767,1454385303000,2016-02-02-11-55-03AM,2108.0
768,1454385303180,2016-02-02-11-55-03AM,1968.0
769,1454385303363,2016-02-02-11-55-03AM,2027.0
770,1454385303543,2016-02-02-11-55-03AM,2130.0
771,1454385303725,2016-02-02-11-55-03AM,2591.0
772,1454385305193,2016-02-02-11-55-05AM,1533.0
773,1454385305193,2016-02-02-11-55-05AM,1533.0
774,1454385305194,2016-02-02-11-55-05AM,1533.0
775,1454385305194,2016-02-02-11-55-05AM,1533.0
776,1454385305195,2016-02-02-11-55-05AM,1533.0
777,1454385305195,2016-02-02-11-55-05AM,1533.0
778,1454385305195,2016-02-02-11-55-05AM,1533.0
779,1454385305366,2016-02-02-11-55-05AM,1415.0
780,1454385305546,2016-02-02-11-55-05AM,1404.0
781,1454385305732,2016-02-02-11-55-05AM,1384.0
782,1454385305917,2016-02-02-11-55-05AM,1403.0
783,1454385306101,2016-02-02-11-55-06AM,1404.0
784,1454385306281,2016-02-02-11-55-06AM,1448.0
785,1454385306464,2016-02-02-11-55-06AM,1425.0
786,1454385306647,2016-02-02-11-55-06AM,1115.0
787,1454385306831,2016-02-02-11-55-06AM,1068.0
788,1454385307016,2016-02-02-11-55-07AM,1117.0
789,1454385307197,2016-02-02-11-55-07AM,2251.0
790,1454385307380,2016-02-02-11-55-07AM,2291.0
791,1454385307564,2016-02-02-11-55-07AM,2280.0
792,1454385307749,2016-02-02-11-55-07AM,2319.0
793,1454385307933,2016-02-02-11-55-07AM,2243.0
794,1454385308113,2016-02-02-11-55-08AM,2211.0
795,1454385308297,2016-02-02-11-55-08AM,2219.0
796,1454385308483,2016-02-02-11-55-08AM,2211.0
797,1454385308669,2016-02-02-11-55-08AM,2139.0
798,1454385308857,2016-02-02-11-55-08AM,2233.0
799,1454385309038,2016-02-02-11-55-09AM,2374.0
800,1454385309225,2016-02-02-11-55-09AM,2937.0
801,1454385309410,2016-02-02-11-55-09AM,3670.0
802,1454385309595,2016-02-02-11-55-09AM,3508.0
803,1454385309802,2016-02-02-11-55-09AM,3361.0
804,1454385309966,2016-02-02-11-55-09AM,3245.0
805,1454385310147,2016-02-02-11-55-10AM,3052.0
806,1454385310334,2016-02-02-11-55-10AM,2512.0
807,1454385310519,2016-02-02-11-55-10AM,2163.0
808,1454385310705,2016-02-02-11-55-10AM,2069.0
809,1454385310891,2016-02-02-11-55-10AM,1862.0
810,1454385311075,2016-02-02-11-55-11AM,1829.0
811,1454385311262,2016-02-02-11-55-11AM,1785.0
812,1454385311447,2016-02-02-11-55-11AM,1777.0
813,1454385311629,2016-02-02-11-55-11AM,1856.0
814,1454385311814,2016-02-02-11-55-11AM,1709.0
815,1454385311999,2016-02-02-11-55-11AM,1798.0
816,1454385312200,2016-02-02-11-55-12AM,1757.0
817,1454385312368,2016-02-02-11-55-12AM,1280.0
818,1454385312553,2016-02-02-11-55-12AM,1395.0
819,1454385312738,2016-02-02-11-55-12AM,1311.0
820,1454385312924,2016-02-02-11-55-12AM,1156.0
821,1454385313108,2016-02-02-11-55-13AM,1151.0
822,1454385313294,2016-02-02-11-55-13AM,1147.0
823,1454385313479,2016-02-02-11-55-13AM,1084.0
824,1454385313664,2016-02-02-11-55-13AM,1061.0
825,1454385313848,2016-02-02-11-55-13AM,1044.0
826,1454385314032,2016-02-02-11-55-14AM,1076.0
827,1454385314218,2016-02-02-11-55-14AM,1053.0
828,1454385314406,2016-02-02-11-55-14AM,1025.0
829,1454385314588,2016-02-02-11-55-14AM,966.0
830,1454385314774,2016-02-02-11-55-14AM,981.0
831,1454385314961,2016-02-02-11-55-14AM,1002.0
832,1454385315145,2016-02-02-11-55-15AM,1060.0
833,1454385315336,2016-02-02-11-55-15AM,1052.0
834,1454385315520,2016-02-02-11-55-15AM,1060.0
835,1454385315703,2016-02-02-11-55-15AM,1053.0
836,1454385315888,2016-02-02-11-55-15AM,1068.0
837,1454385316072,2016-02-02-11-55-16AM,1076.0
838,1454385316256,2016-02-02-11-55-16AM,1096.0
839,1454385316442,2016-02-02-11-55-16AM,1107.0
840,1454385316628,2016-02-02-11-55-16AM,1140.0
841,1454385316813,2016-02-02-11-55-16AM,1115.0
842,1454385316996,2016-02-02-11-55-16AM,1123.0
843,1454385317182,2016-02-02-11-55-17AM,1131.0
844,1454385317366,2016-02-02-11-55-17AM,1143.0
845,1454385317555,2016-02-02-11-55-17AM,1115.0
846,1454385317737,2016-02-02-11-55-17AM,1088.0
847,1454385317923,2016-02-02-11-55-17AM,1096.0
848,1454385318110,2016-02-02-11-55-18AM,1079.0
849,1454385318295,2016-02-02-11-55-18AM,997.0
850,1454385318480,2016-02-02-11-55-18AM,1028.0
851,1454385318667,2016-02-02-11-55-18AM,1087.0
852,1454385318850,2016-02-02-11-55-18AM,1123.0
853,1454385319036,2016-02-02-11-55-19AM,1107.0
854,1454385319219,2016-02-02-11-55-19AM,1080.0
855,1454385319406,2016-02-02-11-55-19AM,1099.0
856,1454385319592,2016-02-02-11-55-19AM,1123.0
857,1454385319777,2016-02-02-11-55-19AM,1123.0
858,1454385319963,2016-02-02-11-55-19AM,1159.0
859,1454385320149,2016-02-02-11-55-20AM,1170.0
860,1454385320334,2016-02-02-11-55-20AM,1167.0
861,1454385320516,2016-02-02-11-55-20AM,1167.0
862,1454385320702,2016-02-02-11-55-20AM,1159.0
863,1454385320888,2016-02-02-11-55-20AM,1135.0
864,1454385321073,2016-02-02-11-55-21AM,1116.0
865,1454385321258,2016-02-02-11-55-21AM,1080.0
866,1454385321444,2016-02-02-11-55-21AM,1105.0
867,1454385321631,2016-02-02-11-55-21AM,1136.0
868,1454385321816,2016-02-02-11-55-21AM,1116.0
869,1454385322004,2016-02-02-11-55-22AM,1179.0
870,1454385322187,2016-02-02-11-55-22AM,1099.0
871,1454385322376,2016-02-02-11-55-22AM,1143.0
872,1454385322558,2016-02-02-11-55-22AM,1094.0
873,1454385322745,2016-02-02-11-55-22AM,1094.0
874,1454385322927,2016-02-02-11-55-22AM,1091.0
875,1454385323116,2016-02-02-11-55-23AM,1072.0
876,1454385323300,2016-02-02-11-55-23AM,1031.0
877,1454385323483,2016-02-02-11-55-23AM,1031.0
878,1454385323668,2016-02-02-11-55-23AM,1031.0
879,1454385323855,2016-02-02-11-55-23AM,1051.0
880,1454385324039,2016-02-02-11-55-24AM,1083.0
881,1454385324226,2016-02-02-11-55-24AM,1176.0
882,1454385324410,2016-02-02-11-55-24AM,1350.0
883,1454385324596,2016-02-02-11-55-24AM,1605.0
884,1454385324784,2016-02-02-11-55-24AM,1564.0
885,1454385324964,2016-02-02-11-55-24AM,1476.0
886,1454385325152,2016-02-02-11-55-25AM,1384.0
887,1454385325335,2016-02-02-11-55-25AM,1488.0
888,1454385325522,2016-02-02-11-55-25AM,1477.0
889,1454385325706,2016-02-02-11-55-25AM,1576.0
890,1454385325893,2016-02-02-11-55-25AM,1500.0
891,1454385326078,2016-02-02-11-55-26AM,1427.0
892,1454385326265,2016-02-02-11-55-26AM,1477.0
893,1454385326447,2016-02-02-11-55-26AM,1513.0
894,1454385326635,2016-02-02-11-55-26AM,1544.0
895,1454385326824,2016-02-02-11-55-26AM,1597.0
896,1454385327008,2016-02-02-11-55-27AM,1580.0
897,1454385327195,2016-02-02-11-55-27AM,1555.0
898,1454385327379,2016-02-02-11-55-27AM,1543.0
899,1454385327566,2016-02-02-11-55-27AM,1420.0
900,1454385327748,2016-02-02-11-55-27AM,1424.0
901,1454385327992,2016-02-02-11-55-27AM,1431.0
902,1454385328117,2016-02-02-11-55-28AM,1436.0
903,1454385328305,2016-02-02-11-55-28AM,1554.0
904,1454385328489,2016-02-02-11-55-28AM,1626.0
905,1454385328673,2016-02-02-11-55-28AM,1657.0
906,1454385328862,2016-02-02-11-55-28AM,1693.0
907,1454385329046,2016-02-02-11-55-29AM,1701.0
908,1454385329232,2016-02-02-11-55-29AM,1692.0
909,1454385329417,2016-02-02-11-55-29AM,1693.0
910,1454385329603,2016-02-02-11-55-29AM,1677.0
911,1454385329790,2016-02-02-11-55-29AM,1657.0
912,1454385329974,2016-02-02-11-55-29AM,1649.0
913,1454385330154,2016-02-02-11-55-30AM,1649.0
914,1454385330339,2016-02-02-11-55-30AM,1641.0
915,1454385330525,2016-02-02-11-55-30AM,1657.0
916,1454385330709,2016-02-02-11-55-30AM,1685.0
917,1454385330897,2016-02-02-11-55-30AM,1697.0
918,1454385331082,2016-02-02-11-55-31AM,1696.0
919,1454385331267,2016-02-02-11-55-31AM,1696.0
920,1454385331452,2016-02-02-11-55-31AM,1692.0
921,1454385331638,2016-02-02-11-55-31AM,1778.0
922,1454385331858,2016-02-02-11-55-31AM,1796.0
923,1454385332019,2016-02-02-11-55-32AM,1758.0
924,1454385332188,2016-02-02-11-55-32AM,1729.0
925,1454385332374,2016-02-02-11-55-32AM,1633.0
926,1454385332562,2016-02-02-11-55-32AM,1510.0
927,1454385332745,2016-02-02-11-55-32AM,1320.0
928,1454385332936,2016-02-02-11-55-32AM,1265.0
929,1454385333115,2016-02-02-11-55-33AM,1240.0
930,1454385333299,2016-02-02-11-55-33AM,1237.0
931,1454385333484,2016-02-02-11-55-33AM,1209.0
932,1454385333671,2016-02-02-11-55-33AM,1155.0
933,1454385333856,2016-02-02-11-55-33AM,1143.0
934,1454385334038,2016-02-02-11-55-34AM,1151.0
935,1454385334224,2016-02-02-11-55-34AM,1147.0
936,1454385334411,2016-02-02-11-55-34AM,1143.0
937,1454385334600,2016-02-02-11-55-34AM,1140.0
938,1454385334784,2016-02-02-11-55-34AM,1139.0
939,1454385334970,2016-02-02-11-55-34AM,1159.0
940,1454385335152,2016-02-02-11-55-35AM,1152.0
941,1454385335338,2016-02-02-11-55-35AM,1159.0
942,1454385335523,2016-02-02-11-55-35AM,1162.0
943,1454385335710,2016-02-02-11-55-35AM,1148.0
944,1454385335896,2016-02-02-11-55-35AM,1139.0
945,1454385336081,2016-02-02-11-55-36AM,1155.0
946,1454385336266,2016-02-02-11-55-36AM,1245.0
947,1454385336453,2016-02-02-11-55-36AM,1383.0
948,1454385336635,2016-02-02-11-55-36AM,1365.0
949,1454385336819,2016-02-02-11-55-36AM,1384.0
950,1454385337003,2016-02-02-11-55-37AM,1471.0
951,1454385337189,2016-02-02-11-55-37AM,1511.0
952,1454385337375,2016-02-02-11-55-37AM,1596.0
953,1454385337560,2016-02-02-11-55-37AM,1723.0
954,1454385337747,2016-02-02-11-55-37AM,1965.0
955,1454385337935,2016-02-02-11-55-37AM,2008.0
956,1454385338122,2016-02-02-11-55-38AM,2056.0
957,1454385338305,2016-02-02-11-55-38AM,2088.0
958,1454385338488,2016-02-02-11-55-38AM,2127.0
959,1454385338675,2016-02-02-11-55-38AM,2091.0
960,1454385338857,2016-02-02-11-55-38AM,2076.0
961,1454385339045,2016-02-02-11-55-39AM,1868.0
962,1454385339232,2016-02-02-11-55-39AM,1805.0
963,1454385339419,2016-02-02-11-55-39AM,1785.0
964,1454385339605,2016-02-02-11-55-39AM,1918.0
965,1454385339791,2016-02-02-11-55-39AM,2054.0
966,1454385339978,2016-02-02-11-55-39AM,2107.0
967,1454385340161,2016-02-02-11-55-40AM,2071.0
968,1454385340345,2016-02-02-11-55-40AM,2083.0
969,1454385340530,2016-02-02-11-55-40AM,2087.0
970,1454385340716,2016-02-02-11-55-40AM,2077.0
971,1454385340903,2016-02-02-11-55-40AM,2061.0
972,1454385341088,2016-02-02-11-55-41AM,2043.0
973,1454385341274,2016-02-02-11-55-41AM,2036.0
974,1454385341459,2016-02-02-11-55-41AM,2118.0
975,1454385341642,2016-02-02-11-55-41AM,2162.0
976,1454385341829,2016-02-02-11-55-41AM,2150.0
977,1454385342015,2016-02-02-11-55-42AM,1986.0
978,1454385342237,2016-02-02-11-55-42AM,1905.0
979,1454385342409,2016-02-02-11-55-42AM,1776.0
980,1454385342570,2016-02-02-11-55-42AM,1973.0
981,1454385342770,2016-02-02-11-55-42AM,2071.0
982,1454385342957,2016-02-02-11-55-42AM,2067.0
983,1454385343126,2016-02-02-11-55-43AM,2198.0
984,1454385343315,2016-02-02-11-55-43AM,2504.0
985,1454385343499,2016-02-02-11-55-43AM,2772.0
986,1454385343685,2016-02-02-11-55-43AM,2908.0
987,1454385343872,2016-02-02-11-55-43AM,3142.0
988,1454385344056,2016-02-02-11-55-44AM,3226.0
989,1454385344242,2016-02-02-11-55-44AM,2868.0
990,1454385344427,2016-02-02-11-55-44AM,2576.0
991,1454385344612,2016-02-02-11-55-44AM,2683.0
992,1454385344798,2016-02-02-11-55-44AM,2517.0
993,1454385344985,2016-02-02-11-55-44AM,2453.0
994,1454385345170,2016-02-02-11-55-45AM,2330.0
995,1454385345357,2016-02-02-11-55-45AM,2382.0
996,1454385345543,2016-02-02-11-55-45AM,2599.0
997,1454385345725,2016-02-02-11-55-45AM,2573.0
998,1454385345910,2016-02-02-11-55-45AM,2491.0
999,1454385346096,2016-02-02-11-55-46AM,2205.0
1000,1454385346283,2016-02-02-11-55-46AM,2094.0
1001,1454385346467,2016-02-02-11-55-46AM,2083.0
1002,1454385346652,2016-02-02-11-55-46AM,2044.0
