1,1453690108715,2016-01-25-10-48-28am,56.0
2,1453690109605,2016-01-25-10-48-29am,66.0
3,1453690109805,2016-01-25-10-48-29am,81.0
4,1453690110005,2016-01-25-10-48-30am,76.0
5,1453690110205,2016-01-25-10-48-30am,86.0
6,1453690110405,2016-01-25-10-48-30am,136.0
7,1453690110605,2016-01-25-10-48-30am,191.0
8,1453690110805,2016-01-25-10-48-30am,171.0
9,1453690111005,2016-01-25-10-48-31am,41.0
10,1453690111205,2016-01-25-10-48-31am,11.0
11,1453690111605,2016-01-25-10-48-31am,16.0
12,1453690111805,2016-01-25-10-48-31am,21.0
13,1453690112205,2016-01-25-10-48-32am,26.0
14,1453690112805,2016-01-25-10-48-32am,31.0
15,1453690113605,2016-01-25-10-48-33am,36.0
16,1453690113805,2016-01-25-10-48-33am,41.0
17,1453690114605,2016-01-25-10-48-34am,46.0
18,1453690114805,2016-01-25-10-48-34am,41.0
19,1453690115405,2016-01-25-10-48-35am,46.0
20,1453690115605,2016-01-25-10-48-35am,51.0
21,1453690116005,2016-01-25-10-48-36am,61.0
22,1453690116205,2016-01-25-10-48-36am,66.0
23,1453690116405,2016-01-25-10-48-36am,71.0
24,1453690116805,2016-01-25-10-48-36am,86.0
25,1453690117005,2016-01-25-10-48-37am,101.0
26,1453690117205,2016-01-25-10-48-37am,156.0
27,1453690117405,2016-01-25-10-48-37am,211.0
28,1453690117605,2016-01-25-10-48-37am,256.0
29,1453690117805,2016-01-25-10-48-37am,261.0
30,1453690118205,2016-01-25-10-48-38am,301.0
31,1453690118405,2016-01-25-10-48-38am,421.0
32,1453690118605,2016-01-25-10-48-38am,361.0
33,1453690118805,2016-01-25-10-48-38am,256.0
34,1453690119007,2016-01-25-10-48-39am,226.0
35,1453690119604,2016-01-25-10-48-39am,216.0
36,1453690119805,2016-01-25-10-48-39am,206.0
37,1453690120005,2016-01-25-10-48-40am,211.0
38,1453690120207,2016-01-25-10-48-40am,216.0
39,1453690120405,2016-01-25-10-48-40am,221.0
40,1453690120605,2016-01-25-10-48-40am,216.0
41,1453690120805,2016-01-25-10-48-40am,206.0
42,1453690121005,2016-01-25-10-48-41am,201.0
43,1453690121207,2016-01-25-10-48-41am,196.0
44,1453690121405,2016-01-25-10-48-41am,191.0
45,1453690121605,2016-01-25-10-48-41am,186.0
46,1453690121805,2016-01-25-10-48-41am,181.0
47,1453690122005,2016-01-25-10-48-42am,176.0
48,1453690122205,2016-01-25-10-48-42am,181.0
49,1453690122405,2016-01-25-10-48-42am,186.0
50,1453690122805,2016-01-25-10-48-42am,191.0
51,1453690123405,2016-01-25-10-48-43am,196.0
52,1453690124004,2016-01-25-10-48-44am,201.0
53,1453690124205,2016-01-25-10-48-44am,206.0
54,1453690124405,2016-01-25-10-48-44am,211.0
55,1453690124605,2016-01-25-10-48-44am,226.0
56,1453690124805,2016-01-25-10-48-44am,231.0
57,1453690125005,2016-01-25-10-48-45am,226.0
58,1453690125405,2016-01-25-10-48-45am,216.0
59,1453690126005,2016-01-25-10-48-46am,201.0
60,1453690126605,2016-01-25-10-48-46am,211.0
61,1453690126805,2016-01-25-10-48-46am,221.0
62,1453690127005,2016-01-25-10-48-47am,216.0
63,1453690127205,2016-01-25-10-48-47am,211.0
64,1453690127406,2016-01-25-10-48-47am,216.0
65,1453690128404,2016-01-25-10-48-48am,221.0
66,1453690128605,2016-01-25-10-48-48am,226.0
67,1453690128805,2016-01-25-10-48-48am,221.0
68,1453690129005,2016-01-25-10-48-49am,226.0
69,1453690129405,2016-01-25-10-48-49am,231.0
70,1453690129605,2016-01-25-10-48-49am,241.0
71,1453690130205,2016-01-25-10-48-50am,256.0
72,1453690130405,2016-01-25-10-48-50am,261.0
73,1453690130605,2016-01-25-10-48-50am,306.0
74,1453690130804,2016-01-25-10-48-50am,386.0
75,1453690131004,2016-01-25-10-48-51am,341.0
76,1453690131205,2016-01-25-10-48-51am,276.0
77,1453690131405,2016-01-25-10-48-51am,226.0
78,1453690131605,2016-01-25-10-48-51am,196.0
79,1453690131805,2016-01-25-10-48-51am,176.0
80,1453690132005,2016-01-25-10-48-52am,166.0
81,1453690132205,2016-01-25-10-48-52am,161.0
82,1453690132405,2016-01-25-10-48-52am,156.0
83,1453690132605,2016-01-25-10-48-52am,151.0
84,1453690132806,2016-01-25-10-48-52am,156.0
85,1453690133006,2016-01-25-10-48-53am,181.0
86,1453690133206,2016-01-25-10-48-53am,186.0
87,1453690133404,2016-01-25-10-48-53am,196.0
88,1453690133605,2016-01-25-10-48-53am,216.0
89,1453690133805,2016-01-25-10-48-53am,221.0
90,1453690134005,2016-01-25-10-48-54am,226.0
91,1453690134205,2016-01-25-10-48-54am,231.0
92,1453690134805,2016-01-25-10-48-54am,236.0
93,1453690135005,2016-01-25-10-48-55am,241.0
94,1453690135405,2016-01-25-10-48-55am,246.0
95,1453690135805,2016-01-25-10-48-55am,251.0
96,1453690136005,2016-01-25-10-48-56am,246.0
97,1453690136205,2016-01-25-10-48-56am,241.0
98,1453690136605,2016-01-25-10-48-56am,226.0
99,1453690136805,2016-01-25-10-48-56am,221.0
100,1453690137205,2016-01-25-10-48-57am,211.0
101,1453690137405,2016-01-25-10-48-57am,206.0
102,1453690137605,2016-01-25-10-48-57am,201.0
103,1453690137805,2016-01-25-10-48-57am,206.0
104,1453690138005,2016-01-25-10-48-58am,216.0
105,1453690138205,2016-01-25-10-48-58am,236.0
106,1453690138405,2016-01-25-10-48-58am,411.0
107,1453690138605,2016-01-25-10-48-58am,556.0
108,1453690138805,2016-01-25-10-48-58am,771.0
109,1453690139005,2016-01-25-10-48-59am,826.0
110,1453690139224,2016-01-25-10-48-59am,846.0
111,1453690139404,2016-01-25-10-48-59am,881.0
112,1453690139605,2016-01-25-10-48-59am,691.0
113,1453690139805,2016-01-25-10-48-59am,451.0
114,1453690140023,2016-01-25-10-49-00am,396.0
115,1453690140205,2016-01-25-10-49-00am,866.0
116,1453690140404,2016-01-25-10-49-00am,1341.0
117,1453690140605,2016-01-25-10-49-00am,1416.0
118,1453690140805,2016-01-25-10-49-00am,1346.0
119,1453690141005,2016-01-25-10-49-01am,1151.0
120,1453690141206,2016-01-25-10-49-01am,1241.0
121,1453690141444,2016-01-25-10-49-01am,726.0
122,1453690141604,2016-01-25-10-49-01am,1096.0
123,1453690141804,2016-01-25-10-49-01am,1481.0
124,1453690142004,2016-01-25-10-49-02am,1416.0
125,1453690142204,2016-01-25-10-49-02am,1176.0
126,1453690142404,2016-01-25-10-49-02am,1196.0
127,1453690142605,2016-01-25-10-49-02am,1431.0
128,1453690142805,2016-01-25-10-49-02am,1351.0
129,1453690143005,2016-01-25-10-49-03am,906.0
130,1453690143205,2016-01-25-10-49-03am,606.0
131,1453690144404,2016-01-25-10-49-04am,646.0
132,1453690144417,2016-01-25-10-49-04am,716.0
133,1453690144508,2016-01-25-10-49-04am,726.0
134,1453690144696,2016-01-25-10-49-04am,641.0
135,1453690144897,2016-01-25-10-49-04am,731.0
136,1453690145098,2016-01-25-10-49-05am,881.0
137,1453690145298,2016-01-25-10-49-05am,816.0
138,1453690145496,2016-01-25-10-49-05am,736.0
139,1453690145697,2016-01-25-10-49-05am,586.0
140,1453690145899,2016-01-25-10-49-05am,386.0
141,1453690146096,2016-01-25-10-49-06am,571.0
142,1453690146297,2016-01-25-10-49-06am,731.0
143,1453690146496,2016-01-25-10-49-06am,811.0
144,1453690156402,2016-01-25-10-49-16am,901.0
145,1453690156423,2016-01-25-10-49-16am,541.0
146,1453690156496,2016-01-25-10-49-16am,486.0
147,1453690156830,2016-01-25-10-49-16am,471.0
148,1453690156934,2016-01-25-10-49-16am,486.0
149,1453690157096,2016-01-25-10-49-17am,446.0
150,1453690157297,2016-01-25-10-49-17am,581.0
151,1453690157497,2016-01-25-10-49-17am,591.0
152,1453690157697,2016-01-25-10-49-17am,746.0
153,1453690157896,2016-01-25-10-49-17am,721.0
154,1453690158096,2016-01-25-10-49-18am,571.0
155,1453690158296,2016-01-25-10-49-18am,466.0
156,1453690158497,2016-01-25-10-49-18am,441.0
157,1453690158697,2016-01-25-10-49-18am,491.0
158,1453690158897,2016-01-25-10-49-18am,466.0
159,1453690159097,2016-01-25-10-49-19am,366.0
160,1453690159297,2016-01-25-10-49-19am,311.0
161,1453690159697,2016-01-25-10-49-19am,371.0
162,1453690159897,2016-01-25-10-49-19am,381.0
163,1453690160097,2016-01-25-10-49-20am,371.0
164,1453690160297,2016-01-25-10-49-20am,381.0
165,1453690160497,2016-01-25-10-49-20am,361.0
166,1453690160697,2016-01-25-10-49-20am,351.0
167,1453690160897,2016-01-25-10-49-20am,271.0
168,1453690161098,2016-01-25-10-49-21am,246.0
169,1453690161297,2016-01-25-10-49-21am,231.0
170,1453690161697,2016-01-25-10-49-21am,236.0
171,1453690161897,2016-01-25-10-49-21am,256.0
172,1453690162097,2016-01-25-10-49-22am,246.0
173,1453690162297,2016-01-25-10-49-22am,216.0
174,1453690162497,2016-01-25-10-49-22am,231.0
175,1453690162697,2016-01-25-10-49-22am,336.0
176,1453690162897,2016-01-25-10-49-22am,371.0
177,1453690163099,2016-01-25-10-49-23am,341.0
178,1453690163299,2016-01-25-10-49-23am,271.0
179,1453690163497,2016-01-25-10-49-23am,241.0
180,1453690163697,2016-01-25-10-49-23am,346.0
181,1453690163897,2016-01-25-10-49-23am,291.0
182,1453690164097,2016-01-25-10-49-24am,381.0
183,1453690164297,2016-01-25-10-49-24am,356.0
184,1453690164497,2016-01-25-10-49-24am,281.0
185,1453690164697,2016-01-25-10-49-24am,271.0
186,1453690164897,2016-01-25-10-49-24am,176.0
187,1453690165097,2016-01-25-10-49-25am,181.0
188,1453690165497,2016-01-25-10-49-25am,186.0
189,1453690165697,2016-01-25-10-49-25am,176.0
190,1453690165897,2016-01-25-10-49-25am,171.0
191,1453690166097,2016-01-25-10-49-26am,186.0
192,1453690166297,2016-01-25-10-49-26am,151.0
193,1453690166497,2016-01-25-10-49-26am,141.0
194,1453690166897,2016-01-25-10-49-26am,146.0
195,1453690167097,2016-01-25-10-49-27am,151.0
196,1453690167297,2016-01-25-10-49-27am,141.0
197,1453690167497,2016-01-25-10-49-27am,156.0
198,1453690167697,2016-01-25-10-49-27am,146.0
199,1453690167897,2016-01-25-10-49-27am,151.0
200,1453690168097,2016-01-25-10-49-28am,176.0
201,1453690168297,2016-01-25-10-49-28am,246.0
202,1453690168499,2016-01-25-10-49-28am,156.0
203,1453690168697,2016-01-25-10-49-28am,166.0
204,1453690168897,2016-01-25-10-49-28am,201.0
205,1453690169097,2016-01-25-10-49-29am,171.0
206,1453690169298,2016-01-25-10-49-29am,181.0
207,1453690169497,2016-01-25-10-49-29am,186.0
208,1453690169697,2016-01-25-10-49-29am,201.0
209,1453690169897,2016-01-25-10-49-29am,191.0
210,1453690170097,2016-01-25-10-49-30am,241.0
211,1453690170497,2016-01-25-10-49-30am,206.0
212,1453690170697,2016-01-25-10-49-30am,201.0
213,1453690170897,2016-01-25-10-49-30am,196.0
214,1453690171497,2016-01-25-10-49-31am,201.0
215,1453690171697,2016-01-25-10-49-31am,211.0
216,1453690171897,2016-01-25-10-49-31am,226.0
217,1453690172097,2016-01-25-10-49-32am,246.0
218,1453690172297,2016-01-25-10-49-32am,266.0
219,1453690172497,2016-01-25-10-49-32am,271.0
220,1453690172697,2016-01-25-10-49-32am,276.0
221,1453690173097,2016-01-25-10-49-33am,281.0
222,1453690173297,2016-01-25-10-49-33am,286.0
223,1453690173497,2016-01-25-10-49-33am,296.0
224,1453690173897,2016-01-25-10-49-33am,306.0
225,1453690174097,2016-01-25-10-49-34am,311.0
226,1453690174297,2016-01-25-10-49-34am,321.0
227,1453690174497,2016-01-25-10-49-34am,361.0
228,1453690174697,2016-01-25-10-49-34am,411.0
229,1453690174897,2016-01-25-10-49-34am,456.0
230,1453690175099,2016-01-25-10-49-35am,576.0
231,1453690175297,2016-01-25-10-49-35am,696.0
232,1453690175497,2016-01-25-10-49-35am,736.0
233,1453690175697,2016-01-25-10-49-35am,856.0
234,1453690175897,2016-01-25-10-49-35am,931.0
235,1453690176097,2016-01-25-10-49-36am,1041.0
236,1453690176297,2016-01-25-10-49-36am,996.0
237,1453690176697,2016-01-25-10-49-36am,1011.0
238,1453690176897,2016-01-25-10-49-36am,1016.0
239,1453690177097,2016-01-25-10-49-37am,1031.0
240,1453690177297,2016-01-25-10-49-37am,1016.0
241,1453690177697,2016-01-25-10-49-37am,996.0
242,1453690177897,2016-01-25-10-49-37am,1026.0
243,1453690178099,2016-01-25-10-49-38am,1241.0
244,1453690178297,2016-01-25-10-49-38am,1806.0
245,1453690178499,2016-01-25-10-49-38am,1736.0
246,1453690178697,2016-01-25-10-49-38am,2281.0
247,1453690178897,2016-01-25-10-49-38am,2306.0
248,1453690179097,2016-01-25-10-49-39am,1941.0
249,1453690179299,2016-01-25-10-49-39am,1951.0
250,1453690179497,2016-01-25-10-49-39am,1791.0
251,1453690179696,2016-01-25-10-49-39am,1561.0
252,1453690179897,2016-01-25-10-49-39am,1591.0
253,1453690180097,2016-01-25-10-49-40am,1736.0
254,1453690180300,2016-01-25-10-49-40am,2231.0
255,1453690180497,2016-01-25-10-49-40am,2531.0
256,1453690180735,2016-01-25-10-49-40am,2641.0
257,1453690180896,2016-01-25-10-49-40am,2486.0
258,1453690181097,2016-01-25-10-49-41am,2241.0
259,1453690181300,2016-01-25-10-49-41am,1821.0
260,1453690181497,2016-01-25-10-49-41am,1636.0
261,1453690181697,2016-01-25-10-49-41am,1681.0
262,1453690181897,2016-01-25-10-49-41am,1826.0
263,1453690182097,2016-01-25-10-49-42am,1821.0
264,1453690182297,2016-01-25-10-49-42am,1506.0
265,1453690182497,2016-01-25-10-49-42am,1571.0
266,1453690182697,2016-01-25-10-49-42am,786.0
267,1453690182897,2016-01-25-10-49-42am,806.0
268,1453690183097,2016-01-25-10-49-43am,881.0
269,1453690183297,2016-01-25-10-49-43am,926.0
270,1453690183496,2016-01-25-10-49-43am,1101.0
271,1453690183697,2016-01-25-10-49-43am,1256.0
272,1453690183897,2016-01-25-10-49-43am,1136.0
273,1453690184097,2016-01-25-10-49-44am,1416.0
274,1453690184297,2016-01-25-10-49-44am,1881.0
275,1453690184497,2016-01-25-10-49-44am,2851.0
276,1453690184697,2016-01-25-10-49-44am,4371.0
277,1453690184897,2016-01-25-10-49-44am,5751.0
278,1453690185098,2016-01-25-10-49-45am,7526.0
279,1453690185296,2016-01-25-10-49-45am,7156.0
280,1453690185497,2016-01-25-10-49-45am,6936.0
1,1453690201323,2016-01-25-10-50-01am,5056.0
2,1453690201622,2016-01-25-10-50-01am,3476.0
3,1453690201824,2016-01-25-10-50-01am,3746.0
4,1453690202021,2016-01-25-10-50-02am,3651.0
5,1453690202221,2016-01-25-10-50-02am,3536.0
6,1453690202421,2016-01-25-10-50-02am,3261.0
7,1453690202623,2016-01-25-10-50-02am,3696.0
8,1453690202821,2016-01-25-10-50-02am,2646.0
9,1453690203021,2016-01-25-10-50-03am,4306.0
10,1453690203221,2016-01-25-10-50-03am,1316.0
11,1453690203421,2016-01-25-10-50-03am,1546.0
12,1453690203621,2016-01-25-10-50-03am,2076.0
13,1453690203822,2016-01-25-10-50-03am,2581.0
14,1453690204021,2016-01-25-10-50-04am,2326.0
15,1453690204221,2016-01-25-10-50-04am,1681.0
16,1453690204421,2016-01-25-10-50-04am,2061.0
17,1453690204623,2016-01-25-10-50-04am,2256.0
18,1453690204821,2016-01-25-10-50-04am,1866.0
19,1453690205021,2016-01-25-10-50-05am,1886.0
20,1453690205221,2016-01-25-10-50-05am,1706.0
21,1453690205421,2016-01-25-10-50-05am,1896.0
22,1453690205621,2016-01-25-10-50-05am,2076.0
23,1453690205821,2016-01-25-10-50-05am,1911.0
24,1453690206021,2016-01-25-10-50-06am,1656.0
25,1453690206223,2016-01-25-10-50-06am,2066.0
26,1453690206421,2016-01-25-10-50-06am,2351.0
27,1453690206821,2016-01-25-10-50-06am,2861.0
28,1453690207021,2016-01-25-10-50-07am,2161.0
29,1453690207221,2016-01-25-10-50-07am,2446.0
30,1453690207421,2016-01-25-10-50-07am,1956.0
31,1453690207621,2016-01-25-10-50-07am,1881.0
32,1453690207821,2016-01-25-10-50-07am,1826.0
33,1453690208021,2016-01-25-10-50-08am,1896.0
34,1453690208221,2016-01-25-10-50-08am,2931.0
35,1453690208421,2016-01-25-10-50-08am,2981.0
36,1453690208621,2016-01-25-10-50-08am,3591.0
37,1453690208821,2016-01-25-10-50-08am,3556.0
38,1453690209021,2016-01-25-10-50-09am,2996.0
39,1453690209221,2016-01-25-10-50-09am,2616.0
40,1453690209421,2016-01-25-10-50-09am,3846.0
41,1453690209621,2016-01-25-10-50-09am,6906.0
42,1453690209820,2016-01-25-10-50-09am,6876.0
43,1453690210021,2016-01-25-10-50-10am,7261.0
44,1453690210221,2016-01-25-10-50-10am,7186.0
45,1453690210421,2016-01-25-10-50-10am,9066.0
46,1453690210623,2016-01-25-10-50-10am,9456.0
47,1453690210821,2016-01-25-10-50-10am,7841.0
48,1453690211023,2016-01-25-10-50-11am,6746.0
49,1453690211221,2016-01-25-10-50-11am,7026.0
50,1453690211421,2016-01-25-10-50-11am,7731.0
51,1453690211622,2016-01-25-10-50-11am,6726.0
52,1453690211821,2016-01-25-10-50-11am,7306.0
53,1453690212021,2016-01-25-10-50-12am,7696.0
54,1453690212223,2016-01-25-10-50-12am,7956.0
55,1453690212421,2016-01-25-10-50-12am,7731.0
56,1453690212621,2016-01-25-10-50-12am,8031.0
57,1453690212821,2016-01-25-10-50-12am,7576.0
58,1453690213023,2016-01-25-10-50-13am,8256.0
59,1453690213221,2016-01-25-10-50-13am,7856.0
60,1453690213421,2016-01-25-10-50-13am,6966.0
61,1453690213621,2016-01-25-10-50-13am,5881.0
62,1453690213821,2016-01-25-10-50-13am,4931.0
63,1453690214021,2016-01-25-10-50-14am,4846.0
64,1453690214221,2016-01-25-10-50-14am,5186.0
65,1453690214421,2016-01-25-10-50-14am,5531.0
66,1453690214621,2016-01-25-10-50-14am,5061.0
67,1453690214821,2016-01-25-10-50-14am,4231.0
68,1453690215021,2016-01-25-10-50-15am,3376.0
69,1453690215221,2016-01-25-10-50-15am,4786.0
70,1453690215421,2016-01-25-10-50-15am,6266.0
71,1453690215621,2016-01-25-10-50-15am,6771.0
72,1453690215821,2016-01-25-10-50-15am,5446.0
73,1453690216021,2016-01-25-10-50-16am,3486.0
74,1453690216221,2016-01-25-10-50-16am,4196.0
75,1453690216421,2016-01-25-10-50-16am,3826.0
76,1453690216621,2016-01-25-10-50-16am,3071.0
77,1453690216821,2016-01-25-10-50-16am,3081.0
78,1453690217021,2016-01-25-10-50-17am,3841.0
79,1453690217221,2016-01-25-10-50-17am,4466.0
80,1453690217421,2016-01-25-10-50-17am,4371.0
81,1453690217621,2016-01-25-10-50-17am,4261.0
82,1453690217821,2016-01-25-10-50-17am,4366.0
83,1453690218021,2016-01-25-10-50-18am,3966.0
84,1453690218221,2016-01-25-10-50-18am,4826.0
85,1453690218421,2016-01-25-10-50-18am,3016.0
86,1453690218621,2016-01-25-10-50-18am,2961.0
87,1453690218821,2016-01-25-10-50-18am,2806.0
88,1453690219021,2016-01-25-10-50-19am,3496.0
89,1453690219221,2016-01-25-10-50-19am,4321.0
90,1453690219426,2016-01-25-10-50-19am,4806.0
91,1453690219621,2016-01-25-10-50-19am,3881.0
92,1453690219821,2016-01-25-10-50-19am,3531.0
93,1453690220021,2016-01-25-10-50-20am,3331.0
94,1453690220221,2016-01-25-10-50-20am,3181.0
95,1453690220421,2016-01-25-10-50-20am,2601.0
96,1453690220623,2016-01-25-10-50-20am,1841.0
97,1453690220821,2016-01-25-10-50-20am,1746.0
98,1453690221022,2016-01-25-10-50-21am,1761.0
99,1453690221221,2016-01-25-10-50-21am,1866.0
100,1453690221421,2016-01-25-10-50-21am,1851.0
101,1453690221621,2016-01-25-10-50-21am,1896.0
102,1453690221821,2016-01-25-10-50-21am,1936.0
103,1453690222021,2016-01-25-10-50-22am,1981.0
104,1453690222221,2016-01-25-10-50-22am,2516.0
105,1453690222421,2016-01-25-10-50-22am,2781.0
106,1453690222621,2016-01-25-10-50-22am,3356.0
107,1453690222821,2016-01-25-10-50-22am,3321.0
108,1453690223021,2016-01-25-10-50-23am,3551.0
109,1453690223221,2016-01-25-10-50-23am,3781.0
110,1453690223421,2016-01-25-10-50-23am,2846.0
111,1453690223621,2016-01-25-10-50-23am,2716.0
112,1453690223821,2016-01-25-10-50-23am,2696.0
113,1453690224021,2016-01-25-10-50-24am,2586.0
114,1453690224221,2016-01-25-10-50-24am,3821.0
115,1453690224421,2016-01-25-10-50-24am,3771.0
116,1453690224621,2016-01-25-10-50-24am,3946.0
117,1453690224821,2016-01-25-10-50-24am,3676.0
118,1453690225021,2016-01-25-10-50-25am,4246.0
119,1453690225221,2016-01-25-10-50-25am,5111.0
120,1453690225421,2016-01-25-10-50-25am,7046.0
121,1453690225621,2016-01-25-10-50-25am,6256.0
122,1453690225821,2016-01-25-10-50-25am,7761.0
123,1453690226021,2016-01-25-10-50-26am,5881.0
124,1453690226221,2016-01-25-10-50-26am,5476.0
125,1453690226421,2016-01-25-10-50-26am,4911.0
126,1453690226621,2016-01-25-10-50-26am,5931.0
127,1453690226821,2016-01-25-10-50-26am,5371.0
128,1453690227021,2016-01-25-10-50-27am,5296.0
129,1453690227221,2016-01-25-10-50-27am,4806.0
130,1453690227421,2016-01-25-10-50-27am,6636.0
131,1453690227622,2016-01-25-10-50-27am,4511.0
132,1453690227821,2016-01-25-10-50-27am,4781.0
133,1453690228021,2016-01-25-10-50-28am,3856.0
134,1453690228221,2016-01-25-10-50-28am,5471.0
135,1453690228421,2016-01-25-10-50-28am,4726.0
136,1453690228621,2016-01-25-10-50-28am,5751.0
137,1453690228821,2016-01-25-10-50-28am,5271.0
138,1453690229021,2016-01-25-10-50-29am,5791.0
139,1453690229221,2016-01-25-10-50-29am,6161.0
140,1453690229421,2016-01-25-10-50-29am,5596.0
141,1453690229621,2016-01-25-10-50-29am,4756.0
142,1453690229821,2016-01-25-10-50-29am,4636.0
143,1453690230021,2016-01-25-10-50-30am,4241.0
144,1453690230221,2016-01-25-10-50-30am,4286.0
145,1453690230421,2016-01-25-10-50-30am,3806.0
146,1453690230621,2016-01-25-10-50-30am,3441.0
147,1453690230821,2016-01-25-10-50-30am,3546.0
148,1453690231021,2016-01-25-10-50-31am,3026.0
149,1453690231224,2016-01-25-10-50-31am,3741.0
150,1453690231421,2016-01-25-10-50-31am,4086.0
151,1453690231621,2016-01-25-10-50-31am,2851.0
152,1453690231821,2016-01-25-10-50-31am,2946.0
153,1453690232021,2016-01-25-10-50-32am,3106.0
154,1453690232221,2016-01-25-10-50-32am,2276.0
155,1453690232421,2016-01-25-10-50-32am,1731.0
156,1453690232621,2016-01-25-10-50-32am,1736.0
157,1453690232821,2016-01-25-10-50-32am,3266.0
158,1453690233021,2016-01-25-10-50-33am,3861.0
159,1453690233221,2016-01-25-10-50-33am,4321.0
160,1453690233421,2016-01-25-10-50-33am,3991.0
161,1453690233621,2016-01-25-10-50-33am,2961.0
162,1453690233821,2016-01-25-10-50-33am,2496.0
163,1453690234020,2016-01-25-10-50-34am,2651.0
164,1453690234220,2016-01-25-10-50-34am,3091.0
165,1453690234420,2016-01-25-10-50-34am,2911.0
166,1453690234622,2016-01-25-10-50-34am,3546.0
167,1453690234820,2016-01-25-10-50-34am,3136.0
168,1453690238395,2016-01-25-10-50-38am,4636.0
169,1453690238397,2016-01-25-10-50-38am,2211.0
170,1453690238499,2016-01-25-10-50-38am,2331.0
171,1453690238699,2016-01-25-10-50-38am,2121.0
172,1453690238899,2016-01-25-10-50-38am,1951.0
173,1453690239099,2016-01-25-10-50-39am,2371.0
174,1453690239299,2016-01-25-10-50-39am,4131.0
175,1453690249407,2016-01-25-10-50-49am,2336.0
176,1453690249430,2016-01-25-10-50-49am,2181.0
177,1453690249497,2016-01-25-10-50-49am,2791.0
178,1453690249701,2016-01-25-10-50-49am,2221.0
179,1453690249896,2016-01-25-10-50-49am,2236.0
180,1453690250097,2016-01-25-10-50-50am,2341.0
181,1453690250297,2016-01-25-10-50-50am,2151.0
182,1453690250500,2016-01-25-10-50-50am,1726.0
183,1453690250696,2016-01-25-10-50-50am,1326.0
184,1453690250897,2016-01-25-10-50-50am,1126.0
185,1453690251097,2016-01-25-10-50-51am,1176.0
186,1453690251297,2016-01-25-10-50-51am,1666.0
187,1453690251497,2016-01-25-10-50-51am,1746.0
188,1453690251697,2016-01-25-10-50-51am,1716.0
189,1453690251897,2016-01-25-10-50-51am,1671.0
190,1453690252097,2016-01-25-10-50-52am,2156.0
191,1453690252297,2016-01-25-10-50-52am,2696.0
192,1453690252498,2016-01-25-10-50-52am,2476.0
193,1453690252701,2016-01-25-10-50-52am,1616.0
194,1453690252897,2016-01-25-10-50-52am,1831.0
195,1453690253097,2016-01-25-10-50-53am,2111.0
196,1453690253297,2016-01-25-10-50-53am,2261.0
197,1453690253497,2016-01-25-10-50-53am,2206.0
198,1453690253697,2016-01-25-10-50-53am,1556.0
199,1453690253897,2016-01-25-10-50-53am,1541.0
200,1453690254097,2016-01-25-10-50-54am,2011.0
201,1453690254297,2016-01-25-10-50-54am,1821.0
202,1453690254497,2016-01-25-10-50-54am,1651.0
203,1453690254697,2016-01-25-10-50-54am,1266.0
204,1453690254897,2016-01-25-10-50-54am,1286.0
205,1453690255097,2016-01-25-10-50-55am,1776.0
206,1453690255297,2016-01-25-10-50-55am,2646.0
207,1453690255497,2016-01-25-10-50-55am,2196.0
208,1453690255697,2016-01-25-10-50-55am,1561.0
209,1453690255897,2016-01-25-10-50-55am,1821.0
210,1453690256097,2016-01-25-10-50-56am,1246.0
211,1453690256297,2016-01-25-10-50-56am,1081.0
212,1453690256497,2016-01-25-10-50-56am,1151.0
213,1453690256697,2016-01-25-10-50-56am,1076.0
214,1453690256897,2016-01-25-10-50-56am,1091.0
215,1453690257097,2016-01-25-10-50-57am,1046.0
216,1453690257297,2016-01-25-10-50-57am,961.0
217,1453690257497,2016-01-25-10-50-57am,1036.0
218,1453690257697,2016-01-25-10-50-57am,976.0
219,1453690257897,2016-01-25-10-50-57am,971.0
220,1453690258097,2016-01-25-10-50-58am,986.0
221,1453690258297,2016-01-25-10-50-58am,976.0
222,1453690258497,2016-01-25-10-50-58am,986.0
223,1453690258697,2016-01-25-10-50-58am,971.0
224,1453690258897,2016-01-25-10-50-58am,966.0
225,1453690259297,2016-01-25-10-50-59am,1021.0
226,1453690259497,2016-01-25-10-50-59am,1086.0
227,1453690259697,2016-01-25-10-50-59am,1071.0
228,1453690259897,2016-01-25-10-50-59am,1091.0
229,1453690260098,2016-01-25-10-51-00am,1106.0
230,1453690260297,2016-01-25-10-51-00am,1181.0
231,1453690260497,2016-01-25-10-51-00am,1156.0
232,1453690260697,2016-01-25-10-51-00am,1091.0
233,1453690260897,2016-01-25-10-51-00am,1141.0
234,1453690261097,2016-01-25-10-51-01am,1121.0
235,1453690261297,2016-01-25-10-51-01am,1141.0
236,1453690261497,2016-01-25-10-51-01am,1206.0
237,1453690261697,2016-01-25-10-51-01am,1191.0
238,1453690261897,2016-01-25-10-51-01am,1206.0
239,1453690262297,2016-01-25-10-51-02am,1176.0
240,1453690262497,2016-01-25-10-51-02am,1381.0
241,1453690262697,2016-01-25-10-51-02am,1226.0
242,1453690262897,2016-01-25-10-51-02am,1196.0
243,1453690263297,2016-01-25-10-51-03am,1221.0
244,1453690263497,2016-01-25-10-51-03am,1261.0
245,1453690263697,2016-01-25-10-51-03am,1221.0
246,1453690263897,2016-01-25-10-51-03am,1226.0
247,1453690264097,2016-01-25-10-51-04am,1201.0
248,1453690264297,2016-01-25-10-51-04am,1086.0
249,1453690264497,2016-01-25-10-51-04am,1186.0
250,1453690264697,2016-01-25-10-51-04am,1166.0
251,1453690264897,2016-01-25-10-51-04am,1076.0
252,1453690265097,2016-01-25-10-51-05am,1111.0
253,1453690265297,2016-01-25-10-51-05am,1046.0
254,1453690265497,2016-01-25-10-51-05am,1021.0
255,1453690265697,2016-01-25-10-51-05am,1061.0
256,1453690265897,2016-01-25-10-51-05am,1246.0
257,1453690266097,2016-01-25-10-51-06am,1341.0
258,1453690266297,2016-01-25-10-51-06am,1461.0
259,1453690266497,2016-01-25-10-51-06am,1606.0
260,1453690266697,2016-01-25-10-51-06am,1481.0
261,1453690266897,2016-01-25-10-51-06am,1436.0
262,1453690267097,2016-01-25-10-51-07am,1451.0
263,1453690267297,2016-01-25-10-51-07am,1311.0
264,1453690267497,2016-01-25-10-51-07am,1406.0
265,1453690267697,2016-01-25-10-51-07am,1321.0
266,1453690267897,2016-01-25-10-51-07am,1306.0
267,1453690268097,2016-01-25-10-51-08am,1411.0
268,1453690268297,2016-01-25-10-51-08am,1306.0
269,1453690268497,2016-01-25-10-51-08am,1491.0
270,1453690268697,2016-01-25-10-51-08am,1441.0
271,1453690268897,2016-01-25-10-51-08am,1436.0
272,1453690269097,2016-01-25-10-51-09am,1461.0
273,1453690269297,2016-01-25-10-51-09am,1226.0
274,1453690269497,2016-01-25-10-51-09am,1386.0
275,1453690269697,2016-01-25-10-51-09am,1451.0
276,1453690269897,2016-01-25-10-51-09am,1601.0
277,1453690270097,2016-01-25-10-51-10am,1581.0
278,1453690270297,2016-01-25-10-51-10am,1241.0
279,1453690270497,2016-01-25-10-51-10am,1246.0
280,1453690270697,2016-01-25-10-51-10am,1276.0
281,1453690270897,2016-01-25-10-51-10am,1286.0
282,1453690271097,2016-01-25-10-51-11am,1166.0
283,1453690271297,2016-01-25-10-51-11am,1061.0
284,1453690271497,2016-01-25-10-51-11am,1101.0
285,1453690271697,2016-01-25-10-51-11am,1161.0
286,1453690271897,2016-01-25-10-51-11am,1176.0
287,1453690272097,2016-01-25-10-51-12am,1231.0
288,1453690272297,2016-01-25-10-51-12am,1136.0
289,1453690272497,2016-01-25-10-51-12am,1151.0
290,1453690272697,2016-01-25-10-51-12am,1116.0
291,1453690272897,2016-01-25-10-51-12am,1111.0
292,1453690273097,2016-01-25-10-51-13am,1116.0
293,1453690273297,2016-01-25-10-51-13am,1081.0
294,1453690273497,2016-01-25-10-51-13am,1276.0
295,1453690273697,2016-01-25-10-51-13am,1251.0
296,1453690273897,2016-01-25-10-51-13am,1286.0
297,1453690274097,2016-01-25-10-51-14am,1441.0
298,1453690274297,2016-01-25-10-51-14am,1301.0
299,1453690274497,2016-01-25-10-51-14am,1566.0
300,1453690274697,2016-01-25-10-51-14am,1541.0
301,1453690274897,2016-01-25-10-51-14am,1396.0
302,1453690275097,2016-01-25-10-51-15am,1581.0
303,1453690275297,2016-01-25-10-51-15am,1316.0
304,1453690275497,2016-01-25-10-51-15am,1411.0
305,1453690275697,2016-01-25-10-51-15am,1461.0
306,1453690275897,2016-01-25-10-51-15am,1446.0
307,1453690276097,2016-01-25-10-51-16am,1711.0
308,1453690276297,2016-01-25-10-51-16am,1621.0
309,1453690276497,2016-01-25-10-51-16am,1786.0
310,1453690276698,2016-01-25-10-51-16am,1796.0
311,1453690276897,2016-01-25-10-51-16am,1776.0
312,1453690277097,2016-01-25-10-51-17am,1726.0
313,1453690277297,2016-01-25-10-51-17am,1416.0
314,1453690277497,2016-01-25-10-51-17am,1291.0
315,1453690277699,2016-01-25-10-51-17am,1066.0
316,1453690278098,2016-01-25-10-51-18am,1091.0
317,1453690278298,2016-01-25-10-51-18am,1026.0
318,1453690278499,2016-01-25-10-51-18am,1046.0
319,1453690278897,2016-01-25-10-51-18am,1081.0
320,1453690279097,2016-01-25-10-51-19am,1171.0
321,1453690279297,2016-01-25-10-51-19am,1121.0
322,1453690279497,2016-01-25-10-51-19am,1191.0
323,1453690279697,2016-01-25-10-51-19am,1251.0
324,1453690279897,2016-01-25-10-51-19am,1271.0
325,1453690280105,2016-01-25-10-51-20am,1326.0
326,1453690280297,2016-01-25-10-51-20am,1396.0
327,1453690280497,2016-01-25-10-51-20am,1356.0
328,1453690280697,2016-01-25-10-51-20am,1441.0
329,1453690280897,2016-01-25-10-51-20am,1346.0
330,1453690281097,2016-01-25-10-51-21am,1466.0
331,1453690281307,2016-01-25-10-51-21am,1441.0
332,1453690281497,2016-01-25-10-51-21am,1401.0
333,1453690281697,2016-01-25-10-51-21am,1456.0
334,1453690281897,2016-01-25-10-51-21am,1646.0
335,1453690282097,2016-01-25-10-51-22am,4056.0
336,1453690282297,2016-01-25-10-51-22am,4186.0
337,1453690282498,2016-01-25-10-51-22am,5436.0
338,1453690282697,2016-01-25-10-51-22am,5361.0
339,1453690282898,2016-01-25-10-51-22am,6236.0
340,1453690283097,2016-01-25-10-51-23am,6416.0
341,1453690283300,2016-01-25-10-51-23am,3476.0
342,1453690283497,2016-01-25-10-51-23am,1596.0
343,1453690283697,2016-01-25-10-51-23am,1421.0
344,1453690283897,2016-01-25-10-51-23am,1411.0
345,1453690284098,2016-01-25-10-51-24am,1516.0
346,1453690284297,2016-01-25-10-51-24am,1466.0
347,1453690284497,2016-01-25-10-51-24am,1436.0
348,1453690284697,2016-01-25-10-51-24am,1451.0
349,1453690284897,2016-01-25-10-51-24am,1526.0
350,1453690285097,2016-01-25-10-51-25am,1471.0
351,1453690285297,2016-01-25-10-51-25am,1436.0
352,1453690285497,2016-01-25-10-51-25am,1396.0
353,1453690285697,2016-01-25-10-51-25am,1376.0
354,1453690285897,2016-01-25-10-51-25am,1426.0
355,1453690286097,2016-01-25-10-51-26am,1461.0
356,1453690286297,2016-01-25-10-51-26am,1456.0
357,1453690286497,2016-01-25-10-51-26am,1446.0
358,1453690286697,2016-01-25-10-51-26am,1471.0
359,1453690286897,2016-01-25-10-51-26am,1526.0
360,1453690287097,2016-01-25-10-51-27am,1511.0
361,1453690287297,2016-01-25-10-51-27am,1441.0
362,1453690287497,2016-01-25-10-51-27am,1396.0
363,1453690287697,2016-01-25-10-51-27am,1386.0
364,1453690287897,2016-01-25-10-51-27am,1471.0
365,1453690288097,2016-01-25-10-51-28am,1551.0
366,1453690288297,2016-01-25-10-51-28am,1481.0
367,1453690288497,2016-01-25-10-51-28am,1471.0
368,1453690288697,2016-01-25-10-51-28am,1461.0
369,1453690288897,2016-01-25-10-51-28am,1841.0
370,1453690289097,2016-01-25-10-51-29am,1821.0
371,1453690289297,2016-01-25-10-51-29am,1476.0
372,1453690289497,2016-01-25-10-51-29am,1441.0
373,1453690289697,2016-01-25-10-51-29am,1356.0
374,1453690289897,2016-01-25-10-51-29am,1806.0
375,1453690290097,2016-01-25-10-51-30am,1706.0
376,1453690290297,2016-01-25-10-51-30am,1486.0
377,1453690290497,2016-01-25-10-51-30am,1406.0
378,1453690290697,2016-01-25-10-51-30am,1391.0
379,1453690290897,2016-01-25-10-51-30am,1571.0
380,1453690291097,2016-01-25-10-51-31am,1376.0
381,1453690291297,2016-01-25-10-51-31am,1426.0
382,1453690291497,2016-01-25-10-51-31am,1406.0
383,1453690291697,2016-01-25-10-51-31am,1336.0
384,1453690291897,2016-01-25-10-51-31am,1376.0
385,1453690292097,2016-01-25-10-51-32am,1336.0
386,1453690292297,2016-01-25-10-51-32am,1261.0
387,1453690292497,2016-01-25-10-51-32am,1301.0
388,1453690292697,2016-01-25-10-51-32am,1201.0
389,1453690292897,2016-01-25-10-51-32am,1346.0
390,1453690293097,2016-01-25-10-51-33am,1316.0
391,1453690293299,2016-01-25-10-51-33am,1326.0
392,1453690293497,2016-01-25-10-51-33am,1361.0
393,1453690293697,2016-01-25-10-51-33am,1411.0
394,1453690293897,2016-01-25-10-51-33am,1491.0
395,1453690294097,2016-01-25-10-51-34am,1461.0
396,1453690294297,2016-01-25-10-51-34am,1451.0
397,1453690294497,2016-01-25-10-51-34am,1301.0
398,1453690294697,2016-01-25-10-51-34am,1306.0
399,1453690294897,2016-01-25-10-51-34am,1376.0
400,1453690295097,2016-01-25-10-51-35am,1516.0
401,1453690295297,2016-01-25-10-51-35am,1356.0
402,1453690295497,2016-01-25-10-51-35am,1311.0
403,1453690295697,2016-01-25-10-51-35am,1351.0
404,1453690295897,2016-01-25-10-51-35am,1371.0
405,1453690296097,2016-01-25-10-51-36am,1311.0
406,1453690296297,2016-01-25-10-51-36am,1301.0
407,1453690296497,2016-01-25-10-51-36am,1316.0
408,1453690296697,2016-01-25-10-51-36am,1346.0
409,1453690296897,2016-01-25-10-51-36am,1476.0
410,1453690297097,2016-01-25-10-51-37am,1451.0
411,1453690297297,2016-01-25-10-51-37am,1486.0
412,1453690297497,2016-01-25-10-51-37am,1476.0
413,1453690297697,2016-01-25-10-51-37am,1406.0
414,1453690297897,2016-01-25-10-51-37am,1646.0
415,1453690298097,2016-01-25-10-51-38am,1701.0
416,1453690298297,2016-01-25-10-51-38am,1596.0
417,1453690298497,2016-01-25-10-51-38am,1731.0
418,1453690298697,2016-01-25-10-51-38am,1716.0
419,1453690298897,2016-01-25-10-51-38am,1711.0
420,1453690299097,2016-01-25-10-51-39am,1696.0
421,1453690299297,2016-01-25-10-51-39am,1751.0
422,1453690299497,2016-01-25-10-51-39am,1731.0
423,1453690299697,2016-01-25-10-51-39am,1636.0
424,1453690299897,2016-01-25-10-51-39am,1986.0
425,1453690300097,2016-01-25-10-51-40am,1761.0
426,1453690300297,2016-01-25-10-51-40am,1731.0
427,1453690300497,2016-01-25-10-51-40am,1776.0
428,1453690300697,2016-01-25-10-51-40am,1681.0
429,1453690300897,2016-01-25-10-51-40am,1811.0
430,1453690301097,2016-01-25-10-51-41am,1651.0
431,1453690301297,2016-01-25-10-51-41am,1706.0
432,1453690301499,2016-01-25-10-51-41am,1746.0
433,1453690301697,2016-01-25-10-51-41am,1676.0
434,1453690301897,2016-01-25-10-51-41am,1776.0
435,1453690302097,2016-01-25-10-51-42am,1671.0
436,1453690302297,2016-01-25-10-51-42am,1736.0
437,1453690302497,2016-01-25-10-51-42am,1646.0
438,1453690302697,2016-01-25-10-51-42am,1566.0
439,1453690302897,2016-01-25-10-51-42am,1656.0
440,1453690303097,2016-01-25-10-51-43am,1646.0
441,1453690303297,2016-01-25-10-51-43am,1661.0
442,1453690303497,2016-01-25-10-51-43am,1676.0
443,1453690303697,2016-01-25-10-51-43am,1636.0
444,1453690303897,2016-01-25-10-51-43am,1771.0
445,1453690304097,2016-01-25-10-51-44am,1651.0
446,1453690304297,2016-01-25-10-51-44am,1641.0
447,1453690304497,2016-01-25-10-51-44am,1646.0
448,1453690304697,2016-01-25-10-51-44am,1606.0
449,1453690304897,2016-01-25-10-51-44am,1741.0
450,1453690305097,2016-01-25-10-51-45am,1656.0
451,1453690305297,2016-01-25-10-51-45am,1731.0
452,1453690305497,2016-01-25-10-51-45am,1721.0
453,1453690305697,2016-01-25-10-51-45am,1686.0
454,1453690305897,2016-01-25-10-51-45am,1796.0
455,1453690306097,2016-01-25-10-51-46am,1676.0
456,1453690306297,2016-01-25-10-51-46am,1771.0
457,1453690306497,2016-01-25-10-51-46am,1726.0
458,1453690306697,2016-01-25-10-51-46am,1641.0
459,1453690306897,2016-01-25-10-51-46am,1801.0
460,1453690307097,2016-01-25-10-51-47am,1716.0
461,1453690307297,2016-01-25-10-51-47am,1821.0
462,1453690307497,2016-01-25-10-51-47am,1781.0
463,1453690307697,2016-01-25-10-51-47am,1756.0
464,1453690307897,2016-01-25-10-51-47am,1886.0
465,1453690308097,2016-01-25-10-51-48am,1841.0
466,1453690308297,2016-01-25-10-51-48am,1831.0
467,1453690308497,2016-01-25-10-51-48am,1771.0
468,1453690308697,2016-01-25-10-51-48am,1861.0
469,1453690308897,2016-01-25-10-51-48am,1926.0
470,1453690309098,2016-01-25-10-51-49am,1981.0
471,1453690309298,2016-01-25-10-51-49am,1891.0
472,1453690309498,2016-01-25-10-51-49am,1826.0
473,1453690309697,2016-01-25-10-51-49am,2006.0
474,1453690309904,2016-01-25-10-51-49am,2811.0
475,1453690310097,2016-01-25-10-51-50am,2581.0
476,1453690310297,2016-01-25-10-51-50am,2081.0
477,1453690310497,2016-01-25-10-51-50am,1771.0
478,1453690310697,2016-01-25-10-51-50am,1791.0
479,1453690310897,2016-01-25-10-51-50am,1876.0
480,1453690311097,2016-01-25-10-51-51am,1796.0
481,1453690311297,2016-01-25-10-51-51am,1826.0
482,1453690311497,2016-01-25-10-51-51am,1831.0
483,1453690311697,2016-01-25-10-51-51am,1891.0
484,1453690311897,2016-01-25-10-51-51am,1966.0
485,1453690312097,2016-01-25-10-51-52am,1876.0
486,1453690312297,2016-01-25-10-51-52am,1816.0
487,1453690312497,2016-01-25-10-51-52am,1866.0
488,1453690312697,2016-01-25-10-51-52am,1956.0
489,1453690312897,2016-01-25-10-51-52am,1876.0
490,1453690313097,2016-01-25-10-51-53am,1906.0
491,1453690313297,2016-01-25-10-51-53am,1931.0
492,1453690313497,2016-01-25-10-51-53am,1926.0
493,1453690313697,2016-01-25-10-51-53am,1906.0
494,1453690313897,2016-01-25-10-51-53am,1996.0
495,1453690314297,2016-01-25-10-51-54am,2011.0
496,1453690314497,2016-01-25-10-51-54am,1961.0
497,1453690314697,2016-01-25-10-51-54am,1916.0
498,1453690314897,2016-01-25-10-51-54am,1906.0
499,1453690315097,2016-01-25-10-51-55am,1866.0
500,1453690315297,2016-01-25-10-51-55am,1911.0
501,1453690315497,2016-01-25-10-51-55am,1896.0
502,1453690315697,2016-01-25-10-51-55am,1961.0
503,1453690315897,2016-01-25-10-51-55am,1996.0
504,1453690316097,2016-01-25-10-51-56am,1911.0
505,1453690316297,2016-01-25-10-51-56am,1666.0
506,1453690316497,2016-01-25-10-51-56am,1726.0
507,1453690316697,2016-01-25-10-51-56am,1906.0
508,1453690316897,2016-01-25-10-51-56am,1736.0
509,1453690317097,2016-01-25-10-51-57am,1706.0
510,1453690317297,2016-01-25-10-51-57am,1971.0
511,1453690317497,2016-01-25-10-51-57am,2511.0
512,1453690317697,2016-01-25-10-51-57am,2746.0
513,1453690317897,2016-01-25-10-51-57am,2976.0
514,1453690318097,2016-01-25-10-51-58am,2486.0
515,1453690318299,2016-01-25-10-51-58am,4176.0
516,1453690318497,2016-01-25-10-51-58am,4516.0
517,1453690318699,2016-01-25-10-51-58am,5911.0
518,1453690318897,2016-01-25-10-51-58am,5846.0
519,1453690319100,2016-01-25-10-51-59am,5271.0
520,1453690319297,2016-01-25-10-51-59am,4796.0
521,1453690319497,2016-01-25-10-51-59am,2341.0
522,1453690319697,2016-01-25-10-51-59am,1736.0
523,1453690319897,2016-01-25-10-51-59am,1556.0
524,1453690320097,2016-01-25-10-52-00am,1451.0
525,1453690320297,2016-01-25-10-52-00am,1416.0
526,1453690320498,2016-01-25-10-52-00am,1396.0
527,1453690320697,2016-01-25-10-52-00am,1411.0
528,1453690320898,2016-01-25-10-52-00am,1466.0
529,1453690321297,2016-01-25-10-52-01am,1496.0
530,1453690321497,2016-01-25-10-52-01am,1576.0
531,1453690321697,2016-01-25-10-52-01am,1601.0
532,1453690321897,2016-01-25-10-52-01am,1581.0
533,1453690322097,2016-01-25-10-52-02am,1496.0
534,1453690322297,2016-01-25-10-52-02am,1476.0
535,1453690322498,2016-01-25-10-52-02am,1661.0
536,1453690322697,2016-01-25-10-52-02am,2141.0
537,1453690322897,2016-01-25-10-52-02am,3181.0
538,1453690323097,2016-01-25-10-52-03am,3261.0
539,1453690323297,2016-01-25-10-52-03am,3516.0
540,1453690323497,2016-01-25-10-52-03am,2616.0
541,1453690323697,2016-01-25-10-52-03am,2001.0
542,1453690323897,2016-01-25-10-52-03am,1791.0
543,1453690324097,2016-01-25-10-52-04am,1736.0
544,1453690324297,2016-01-25-10-52-04am,1811.0
545,1453690324497,2016-01-25-10-52-04am,1706.0
546,1453690324697,2016-01-25-10-52-04am,1806.0
547,1453690324897,2016-01-25-10-52-04am,1756.0
548,1453690325097,2016-01-25-10-52-05am,1626.0
549,1453690325297,2016-01-25-10-52-05am,1631.0
550,1453690325497,2016-01-25-10-52-05am,1566.0
551,1453690325697,2016-01-25-10-52-05am,1601.0
552,1453690325897,2016-01-25-10-52-05am,1791.0
553,1453690326097,2016-01-25-10-52-06am,1701.0
554,1453690326297,2016-01-25-10-52-06am,2576.0
555,1453690326497,2016-01-25-10-52-06am,2141.0
556,1453690326697,2016-01-25-10-52-06am,2236.0
557,1453690326897,2016-01-25-10-52-06am,2581.0
558,1453690327097,2016-01-25-10-52-07am,1976.0
559,1453690327297,2016-01-25-10-52-07am,1956.0
560,1453690327497,2016-01-25-10-52-07am,1631.0
561,1453690327697,2016-01-25-10-52-07am,1931.0
562,1453690327897,2016-01-25-10-52-07am,1926.0
563,1453690328097,2016-01-25-10-52-08am,1766.0
564,1453690328297,2016-01-25-10-52-08am,2406.0
565,1453690328497,2016-01-25-10-52-08am,1931.0
566,1453690328697,2016-01-25-10-52-08am,2106.0
567,1453690328897,2016-01-25-10-52-08am,1546.0
568,1453690329097,2016-01-25-10-52-09am,1866.0
569,1453690329297,2016-01-25-10-52-09am,1981.0
570,1453690329497,2016-01-25-10-52-09am,1826.0
571,1453690329697,2016-01-25-10-52-09am,1706.0
572,1453690329897,2016-01-25-10-52-09am,2376.0
573,1453690330097,2016-01-25-10-52-10am,3081.0
574,1453690330297,2016-01-25-10-52-10am,2221.0
575,1453690330497,2016-01-25-10-52-10am,2386.0
576,1453690330697,2016-01-25-10-52-10am,1976.0
577,1453690330897,2016-01-25-10-52-10am,2676.0
578,1453690331097,2016-01-25-10-52-11am,1946.0
579,1453690331296,2016-01-25-10-52-11am,2281.0
580,1453690331497,2016-01-25-10-52-11am,2051.0
581,1453690331697,2016-01-25-10-52-11am,3001.0
582,1453690331897,2016-01-25-10-52-11am,3531.0
583,1453690332097,2016-01-25-10-52-12am,2411.0
584,1453690332297,2016-01-25-10-52-12am,3376.0
585,1453690332497,2016-01-25-10-52-12am,2311.0
586,1453690332697,2016-01-25-10-52-12am,2421.0
587,1453690332897,2016-01-25-10-52-12am,3086.0
588,1453690333097,2016-01-25-10-52-13am,2921.0
589,1453690333297,2016-01-25-10-52-13am,2741.0
590,1453690333497,2016-01-25-10-52-13am,2086.0
591,1453690333697,2016-01-25-10-52-13am,1991.0
592,1453690333897,2016-01-25-10-52-13am,2696.0
593,1453690334097,2016-01-25-10-52-14am,3071.0
594,1453690334298,2016-01-25-10-52-14am,4041.0
595,1453690334497,2016-01-25-10-52-14am,3641.0
596,1453690334697,2016-01-25-10-52-14am,4266.0
597,1453690334897,2016-01-25-10-52-14am,4551.0
598,1453690335097,2016-01-25-10-52-15am,4106.0
599,1453690335297,2016-01-25-10-52-15am,4211.0
600,1453690335497,2016-01-25-10-52-15am,3231.0
601,1453690335700,2016-01-25-10-52-15am,6576.0
602,1453690335897,2016-01-25-10-52-15am,7641.0
603,1453690336099,2016-01-25-10-52-16am,8106.0
604,1453690336297,2016-01-25-10-52-16am,8511.0
605,1453690336500,2016-01-25-10-52-16am,7611.0
606,1453690336697,2016-01-25-10-52-16am,7906.0
607,1453690336899,2016-01-25-10-52-16am,8796.0
608,1453690337097,2016-01-25-10-52-17am,8806.0
609,1453690337299,2016-01-25-10-52-17am,8761.0
610,1453690337497,2016-01-25-10-52-17am,7731.0
611,1453690337697,2016-01-25-10-52-17am,6571.0
612,1453690337897,2016-01-25-10-52-17am,6241.0
613,1453690338099,2016-01-25-10-52-18am,6991.0
614,1453690338298,2016-01-25-10-52-18am,10301.0
615,1453690338497,2016-01-25-10-52-18am,10551.0
616,1453690338699,2016-01-25-10-52-18am,10701.0
617,1453690338897,2016-01-25-10-52-18am,11236.0
618,1453690339097,2016-01-25-10-52-19am,11071.0
619,1453690339298,2016-01-25-10-52-19am,10206.0
620,1453690339498,2016-01-25-10-52-19am,8111.0
621,1453690339697,2016-01-25-10-52-19am,7456.0
622,1453690339897,2016-01-25-10-52-19am,6721.0
623,1453690340097,2016-01-25-10-52-20am,6411.0
624,1453690340297,2016-01-25-10-52-20am,6396.0
625,1453690340497,2016-01-25-10-52-20am,7026.0
626,1453690340697,2016-01-25-10-52-20am,8031.0
627,1453690340897,2016-01-25-10-52-20am,8431.0
628,1453690341097,2016-01-25-10-52-21am,9536.0
629,1453690341297,2016-01-25-10-52-21am,10016.0
630,1453690341497,2016-01-25-10-52-21am,10336.0
631,1453690341697,2016-01-25-10-52-21am,10086.0
632,1453690341897,2016-01-25-10-52-21am,10306.0
633,1453690342097,2016-01-25-10-52-22am,10386.0
634,1453690342299,2016-01-25-10-52-22am,10346.0
635,1453690342497,2016-01-25-10-52-22am,10541.0
636,1453690342697,2016-01-25-10-52-22am,10221.0
637,1453690342896,2016-01-25-10-52-22am,9126.0
638,1453690343097,2016-01-25-10-52-23am,7026.0
639,1453690343297,2016-01-25-10-52-23am,3536.0
640,1453690343497,2016-01-25-10-52-23am,2311.0
641,1453690343697,2016-01-25-10-52-23am,1856.0
642,1453690343897,2016-01-25-10-52-23am,2936.0
643,1453690344097,2016-01-25-10-52-24am,4096.0
644,1453690344297,2016-01-25-10-52-24am,4036.0
645,1453690344497,2016-01-25-10-52-24am,5071.0
646,1453690344697,2016-01-25-10-52-24am,3571.0
647,1453690344897,2016-01-25-10-52-24am,3981.0
648,1453690345097,2016-01-25-10-52-25am,2766.0
649,1453690345297,2016-01-25-10-52-25am,2206.0
650,1453690345497,2016-01-25-10-52-25am,3886.0
651,1453690345697,2016-01-25-10-52-25am,2906.0
652,1453690345899,2016-01-25-10-52-25am,2926.0
653,1453690346099,2016-01-25-10-52-26am,2536.0
654,1453690346297,2016-01-25-10-52-26am,2456.0
655,1453690346497,2016-01-25-10-52-26am,4141.0
656,1453690346697,2016-01-25-10-52-26am,3221.0
657,1453690346897,2016-01-25-10-52-26am,3561.0
658,1453690347097,2016-01-25-10-52-27am,4131.0
659,1453690347297,2016-01-25-10-52-27am,1946.0
660,1453690347497,2016-01-25-10-52-27am,1301.0
661,1453690347699,2016-01-25-10-52-27am,1151.0
662,1453690347897,2016-01-25-10-52-27am,1206.0
663,1453690348097,2016-01-25-10-52-28am,1331.0
664,1453690348297,2016-01-25-10-52-28am,1286.0
665,1453690348497,2016-01-25-10-52-28am,1471.0
666,1453690348697,2016-01-25-10-52-28am,1351.0
667,1453690348906,2016-01-25-10-52-28am,2211.0
668,1453690349097,2016-01-25-10-52-29am,5056.0
669,1453690349297,2016-01-25-10-52-29am,4976.0
670,1453690349497,2016-01-25-10-52-29am,5276.0
671,1453690349697,2016-01-25-10-52-29am,5196.0
672,1453690349897,2016-01-25-10-52-29am,3226.0
673,1453690350097,2016-01-25-10-52-30am,1196.0
674,1453690350297,2016-01-25-10-52-30am,1081.0
675,1453690350497,2016-01-25-10-52-30am,1136.0
676,1453690350697,2016-01-25-10-52-30am,1231.0
677,1453690350899,2016-01-25-10-52-30am,1221.0
678,1453690351097,2016-01-25-10-52-31am,1236.0
679,1453690351297,2016-01-25-10-52-31am,1331.0
680,1453690351497,2016-01-25-10-52-31am,1466.0
681,1453690351697,2016-01-25-10-52-31am,1686.0
682,1453690351897,2016-01-25-10-52-31am,1636.0
683,1453690352097,2016-01-25-10-52-32am,1541.0
684,1453690352297,2016-01-25-10-52-32am,1521.0
685,1453690352497,2016-01-25-10-52-32am,1376.0
686,1453690352697,2016-01-25-10-52-32am,1276.0
687,1453690352897,2016-01-25-10-52-32am,1301.0
688,1453690353097,2016-01-25-10-52-33am,1311.0
689,1453690353297,2016-01-25-10-52-33am,1361.0
690,1453690353497,2016-01-25-10-52-33am,1366.0
691,1453690353697,2016-01-25-10-52-33am,1371.0
692,1453690353897,2016-01-25-10-52-33am,1281.0
693,1453690354096,2016-01-25-10-52-34am,1151.0
694,1453690354297,2016-01-25-10-52-34am,1031.0
695,1453690354497,2016-01-25-10-52-34am,971.0
696,1453690354697,2016-01-25-10-52-34am,1296.0
697,1453690354897,2016-01-25-10-52-34am,1936.0
698,1453690355097,2016-01-25-10-52-35am,2561.0
699,1453690355297,2016-01-25-10-52-35am,2676.0
700,1453690355497,2016-01-25-10-52-35am,2716.0
701,1453690355697,2016-01-25-10-52-35am,2571.0
702,1453690355897,2016-01-25-10-52-35am,2481.0
703,1453690356097,2016-01-25-10-52-36am,2521.0
704,1453690356297,2016-01-25-10-52-36am,2386.0
705,1453690356497,2016-01-25-10-52-36am,2281.0
706,1453690356697,2016-01-25-10-52-36am,2306.0
707,1453690356897,2016-01-25-10-52-36am,2156.0
708,1453690357097,2016-01-25-10-52-37am,2461.0
709,1453690357297,2016-01-25-10-52-37am,2426.0
710,1453690357497,2016-01-25-10-52-37am,2366.0
711,1453690357697,2016-01-25-10-52-37am,2416.0
712,1453690357897,2016-01-25-10-52-37am,2246.0
713,1453690358097,2016-01-25-10-52-38am,2076.0
714,1453690358297,2016-01-25-10-52-38am,2091.0
715,1453690358497,2016-01-25-10-52-38am,1491.0
716,1453690358697,2016-01-25-10-52-38am,1381.0
717,1453690358897,2016-01-25-10-52-38am,1136.0
718,1453690359097,2016-01-25-10-52-39am,1171.0
719,1453690359312,2016-01-25-10-52-39am,1136.0
720,1453690359497,2016-01-25-10-52-39am,911.0
721,1453690359697,2016-01-25-10-52-39am,921.0
722,1453690359897,2016-01-25-10-52-39am,966.0
723,1453690360103,2016-01-25-10-52-40am,1166.0
724,1453690360297,2016-01-25-10-52-40am,1371.0
725,1453690361397,2016-01-25-10-52-41am,1056.0
726,1453690361744,2016-01-25-10-52-41am,1331.0
727,1453690361748,2016-01-25-10-52-41am,1061.0
728,1453690361896,2016-01-25-10-52-41am,1246.0
729,1453690362097,2016-01-25-10-52-42am,1376.0
730,1453690362297,2016-01-25-10-52-42am,1416.0
731,1453690362697,2016-01-25-10-52-42am,1321.0
732,1453690362897,2016-01-25-10-52-42am,1421.0
733,1453690363097,2016-01-25-10-52-43am,1911.0
734,1453690363297,2016-01-25-10-52-43am,2301.0
735,1453690363497,2016-01-25-10-52-43am,2221.0
736,1453690363696,2016-01-25-10-52-43am,2341.0
737,1453690363897,2016-01-25-10-52-43am,1706.0
738,1453690364097,2016-01-25-10-52-44am,2406.0
739,1453690364297,2016-01-25-10-52-44am,1461.0
740,1453690364497,2016-01-25-10-52-44am,1711.0
741,1453690364697,2016-01-25-10-52-44am,1471.0
742,1453690364897,2016-01-25-10-52-44am,1461.0
743,1453690365097,2016-01-25-10-52-45am,2026.0
744,1453690365298,2016-01-25-10-52-45am,1821.0
745,1453690365497,2016-01-25-10-52-45am,1751.0
746,1453690365697,2016-01-25-10-52-45am,1626.0
747,1453690365897,2016-01-25-10-52-45am,1296.0
748,1453690366097,2016-01-25-10-52-46am,1726.0
749,1453690366297,2016-01-25-10-52-46am,1641.0
750,1453690366497,2016-01-25-10-52-46am,1891.0
751,1453690366697,2016-01-25-10-52-46am,2036.0
752,1453690366897,2016-01-25-10-52-46am,1131.0
753,1453690367097,2016-01-25-10-52-47am,2626.0
754,1453690367297,2016-01-25-10-52-47am,2086.0
755,1453690367497,2016-01-25-10-52-47am,1971.0
756,1453690367697,2016-01-25-10-52-47am,2456.0
757,1453690367897,2016-01-25-10-52-47am,1756.0
758,1453690368097,2016-01-25-10-52-48am,2751.0
759,1453690368297,2016-01-25-10-52-48am,1836.0
760,1453690368497,2016-01-25-10-52-48am,1871.0
761,1453690368699,2016-01-25-10-52-48am,2956.0
762,1453690368897,2016-01-25-10-52-48am,3456.0
763,1453690369097,2016-01-25-10-52-49am,4506.0
764,1453690369297,2016-01-25-10-52-49am,3176.0
765,1453690369497,2016-01-25-10-52-49am,2531.0
766,1453690369697,2016-01-25-10-52-49am,1696.0
767,1453690369897,2016-01-25-10-52-49am,1281.0
768,1453690370097,2016-01-25-10-52-50am,1306.0
769,1453690370297,2016-01-25-10-52-50am,1351.0
770,1453690370497,2016-01-25-10-52-50am,1276.0
771,1453690370697,2016-01-25-10-52-50am,1031.0
772,1453690370897,2016-01-25-10-52-50am,996.0
773,1453690371097,2016-01-25-10-52-51am,1226.0
774,1453690371297,2016-01-25-10-52-51am,1511.0
775,1453690371497,2016-01-25-10-52-51am,1426.0
776,1453690371697,2016-01-25-10-52-51am,991.0
777,1453690371897,2016-01-25-10-52-51am,801.0
778,1453690372097,2016-01-25-10-52-52am,896.0
779,1453690372297,2016-01-25-10-52-52am,1046.0
780,1453690372497,2016-01-25-10-52-52am,851.0
781,1453690372697,2016-01-25-10-52-52am,831.0
782,1453690372897,2016-01-25-10-52-52am,1031.0
783,1453690373097,2016-01-25-10-52-53am,1016.0
784,1453690373297,2016-01-25-10-52-53am,1166.0
785,1453690373497,2016-01-25-10-52-53am,921.0
786,1453690373697,2016-01-25-10-52-53am,1361.0
787,1453690373898,2016-01-25-10-52-53am,1136.0
788,1453690374097,2016-01-25-10-52-54am,1241.0
789,1453690374297,2016-01-25-10-52-54am,1286.0
790,1453690374497,2016-01-25-10-52-54am,1251.0
791,1453690374697,2016-01-25-10-52-54am,1266.0
792,1453690374897,2016-01-25-10-52-54am,911.0
793,1453690375097,2016-01-25-10-52-55am,976.0
794,1453690375297,2016-01-25-10-52-55am,966.0
795,1453690375497,2016-01-25-10-52-55am,1076.0
796,1453690375702,2016-01-25-10-52-55am,1381.0
797,1453690375900,2016-01-25-10-52-55am,1271.0
798,1453690376097,2016-01-25-10-52-56am,1306.0
799,1453690376297,2016-01-25-10-52-56am,1486.0
800,1453690376497,2016-01-25-10-52-56am,1401.0
801,1453690376697,2016-01-25-10-52-56am,1446.0
802,1453690376897,2016-01-25-10-52-56am,2066.0
803,1453690377097,2016-01-25-10-52-57am,1936.0
804,1453690377297,2016-01-25-10-52-57am,1076.0
805,1453690377497,2016-01-25-10-52-57am,1146.0
806,1453690377697,2016-01-25-10-52-57am,1831.0
807,1453690377897,2016-01-25-10-52-57am,1911.0
808,1453690378097,2016-01-25-10-52-58am,2271.0
809,1453690378297,2016-01-25-10-52-58am,1486.0
810,1453690378497,2016-01-25-10-52-58am,1441.0
811,1453690378697,2016-01-25-10-52-58am,2321.0
812,1453690378897,2016-01-25-10-52-58am,2181.0
813,1453690379097,2016-01-25-10-52-59am,2441.0
814,1453690379297,2016-01-25-10-52-59am,1986.0
815,1453690379497,2016-01-25-10-52-59am,1911.0
816,1453690379697,2016-01-25-10-52-59am,2531.0
817,1453690379897,2016-01-25-10-52-59am,2776.0
818,1453690380097,2016-01-25-10-53-00am,2866.0
819,1453690380297,2016-01-25-10-53-00am,2201.0
820,1453690380497,2016-01-25-10-53-00am,1686.0
821,1453690380697,2016-01-25-10-53-00am,2506.0
822,1453690380897,2016-01-25-10-53-00am,2391.0
823,1453690381097,2016-01-25-10-53-01am,2201.0
824,1453690381297,2016-01-25-10-53-01am,1766.0
825,1453690381497,2016-01-25-10-53-01am,1951.0
826,1453690381697,2016-01-25-10-53-01am,2511.0
827,1453690381897,2016-01-25-10-53-01am,1871.0
828,1453690382097,2016-01-25-10-53-02am,2091.0
829,1453690382298,2016-01-25-10-53-02am,1911.0
830,1453690382697,2016-01-25-10-53-02am,2196.0
831,1453690382897,2016-01-25-10-53-02am,1891.0
832,1453690383097,2016-01-25-10-53-03am,2266.0
833,1453690383297,2016-01-25-10-53-03am,2346.0
834,1453690383497,2016-01-25-10-53-03am,2206.0
835,1453690383699,2016-01-25-10-53-03am,1951.0
836,1453690383898,2016-01-25-10-53-03am,1521.0
837,1453690384097,2016-01-25-10-53-04am,1641.0
838,1453690384297,2016-01-25-10-53-04am,1446.0
839,1453690384497,2016-01-25-10-53-04am,2001.0
840,1453690384696,2016-01-25-10-53-04am,1181.0
841,1453690384897,2016-01-25-10-53-04am,1196.0
842,1453690385119,2016-01-25-10-53-05am,1406.0
843,1453690385297,2016-01-25-10-53-05am,1341.0
844,1453690385497,2016-01-25-10-53-05am,1291.0
845,1453690385697,2016-01-25-10-53-05am,1161.0
846,1453690385897,2016-01-25-10-53-05am,1186.0
847,1453690386097,2016-01-25-10-53-06am,1311.0
848,1453690386297,2016-01-25-10-53-06am,1156.0
849,1453690386497,2016-01-25-10-53-06am,1091.0
850,1453690386697,2016-01-25-10-53-06am,1206.0
851,1453690386897,2016-01-25-10-53-06am,1051.0
852,1453690387097,2016-01-25-10-53-07am,1046.0
853,1453690387297,2016-01-25-10-53-07am,1041.0
854,1453690387497,2016-01-25-10-53-07am,1716.0
855,1453690387697,2016-01-25-10-53-07am,1611.0
856,1453690387897,2016-01-25-10-53-07am,1236.0
857,1453690388097,2016-01-25-10-53-08am,1326.0
858,1453690388297,2016-01-25-10-53-08am,1446.0
859,1453690388497,2016-01-25-10-53-08am,2016.0
860,1453690388697,2016-01-25-10-53-08am,1206.0
861,1453690388897,2016-01-25-10-53-08am,1171.0
862,1453690389297,2016-01-25-10-53-09am,1386.0
863,1453690389497,2016-01-25-10-53-09am,1086.0
864,1453690389697,2016-01-25-10-53-09am,1076.0
865,1453690389897,2016-01-25-10-53-09am,1111.0
866,1453690390097,2016-01-25-10-53-10am,1001.0
867,1453690390297,2016-01-25-10-53-10am,976.0
868,1453690390497,2016-01-25-10-53-10am,986.0
869,1453690390697,2016-01-25-10-53-10am,1056.0
870,1453690390897,2016-01-25-10-53-10am,1041.0
871,1453690391097,2016-01-25-10-53-11am,996.0
872,1453690391297,2016-01-25-10-53-11am,966.0
873,1453690391497,2016-01-25-10-53-11am,921.0
874,1453690391697,2016-01-25-10-53-11am,986.0
875,1453690391897,2016-01-25-10-53-11am,1001.0
876,1453690392097,2016-01-25-10-53-12am,1026.0
877,1453690392297,2016-01-25-10-53-12am,1001.0
878,1453690392497,2016-01-25-10-53-12am,1046.0
879,1453690392897,2016-01-25-10-53-12am,1041.0
880,1453690393097,2016-01-25-10-53-13am,1021.0
881,1453690393297,2016-01-25-10-53-13am,1006.0
882,1453690393497,2016-01-25-10-53-13am,981.0
883,1453690393697,2016-01-25-10-53-13am,1051.0
884,1453690393897,2016-01-25-10-53-13am,1056.0
885,1453690394097,2016-01-25-10-53-14am,1061.0
886,1453690394297,2016-01-25-10-53-14am,1026.0
887,1453690394497,2016-01-25-10-53-14am,1041.0
888,1453690394697,2016-01-25-10-53-14am,1021.0
889,1453690394897,2016-01-25-10-53-14am,1006.0
890,1453690395097,2016-01-25-10-53-15am,1026.0
891,1453690395297,2016-01-25-10-53-15am,991.0
892,1453690395497,2016-01-25-10-53-15am,981.0
893,1453690395697,2016-01-25-10-53-15am,966.0
894,1453690395897,2016-01-25-10-53-15am,1006.0
895,1453690396097,2016-01-25-10-53-16am,1336.0
896,1453690396298,2016-01-25-10-53-16am,1161.0
897,1453690396497,2016-01-25-10-53-16am,1026.0
898,1453690396697,2016-01-25-10-53-16am,1111.0
899,1453690396897,2016-01-25-10-53-16am,1496.0
900,1453690397097,2016-01-25-10-53-17am,1616.0
901,1453690397297,2016-01-25-10-53-17am,1296.0
902,1453690397497,2016-01-25-10-53-17am,1336.0
903,1453690397697,2016-01-25-10-53-17am,2336.0
904,1453690397897,2016-01-25-10-53-17am,2221.0
905,1453690398097,2016-01-25-10-53-18am,2121.0
906,1453690398297,2016-01-25-10-53-18am,1446.0
907,1453690398497,2016-01-25-10-53-18am,1426.0
908,1453690398697,2016-01-25-10-53-18am,1951.0
909,1453690398897,2016-01-25-10-53-18am,1746.0
910,1453690399097,2016-01-25-10-53-19am,1641.0
911,1453690399297,2016-01-25-10-53-19am,1491.0
912,1453690399497,2016-01-25-10-53-19am,1516.0
913,1453690399699,2016-01-25-10-53-19am,2586.0
914,1453690399897,2016-01-25-10-53-19am,2396.0
915,1453690400097,2016-01-25-10-53-20am,1786.0
916,1453690400297,2016-01-25-10-53-20am,1766.0
917,1453690400497,2016-01-25-10-53-20am,1591.0
918,1453690400697,2016-01-25-10-53-20am,1911.0
919,1453690400897,2016-01-25-10-53-20am,2221.0
920,1453690401097,2016-01-25-10-53-21am,1746.0
921,1453690401297,2016-01-25-10-53-21am,1736.0
922,1453690401497,2016-01-25-10-53-21am,1901.0
923,1453690401697,2016-01-25-10-53-21am,2326.0
924,1453690401899,2016-01-25-10-53-21am,3271.0
925,1453690402098,2016-01-25-10-53-22am,2536.0
926,1453690402297,2016-01-25-10-53-22am,2421.0
927,1453690402497,2016-01-25-10-53-22am,1856.0
928,1453690402697,2016-01-25-10-53-22am,1591.0
929,1453690402897,2016-01-25-10-53-22am,2246.0
930,1453690403097,2016-01-25-10-53-23am,1601.0
931,1453690403297,2016-01-25-10-53-23am,1546.0
932,1453690403497,2016-01-25-10-53-23am,2481.0
933,1453690403697,2016-01-25-10-53-23am,2121.0
934,1453690403897,2016-01-25-10-53-23am,3511.0
935,1453690404097,2016-01-25-10-53-24am,4221.0
936,1453690404297,2016-01-25-10-53-24am,3746.0
937,1453690404499,2016-01-25-10-53-24am,3701.0
938,1453690404696,2016-01-25-10-53-24am,4626.0
939,1453690404897,2016-01-25-10-53-24am,3981.0
940,1453690405099,2016-01-25-10-53-25am,4256.0
941,1453690405297,2016-01-25-10-53-25am,6256.0
942,1453690405499,2016-01-25-10-53-25am,5486.0
943,1453690405697,2016-01-25-10-53-25am,4831.0
944,1453690405897,2016-01-25-10-53-25am,6851.0
945,1453690406098,2016-01-25-10-53-26am,7326.0
946,1453690406297,2016-01-25-10-53-26am,5916.0
947,1453690406497,2016-01-25-10-53-26am,4781.0
948,1453690406699,2016-01-25-10-53-26am,5076.0
949,1453690406897,2016-01-25-10-53-26am,6021.0
950,1453690407097,2016-01-25-10-53-27am,6416.0
951,1453690407299,2016-01-25-10-53-27am,5746.0
952,1453690407497,2016-01-25-10-53-27am,5376.0
953,1453690407697,2016-01-25-10-53-27am,5001.0
954,1453690407897,2016-01-25-10-53-27am,5661.0
955,1453690408097,2016-01-25-10-53-28am,5151.0
956,1453690408299,2016-01-25-10-53-28am,4691.0
957,1453690408497,2016-01-25-10-53-28am,4256.0
958,1453690408697,2016-01-25-10-53-28am,4046.0
959,1453690408897,2016-01-25-10-53-28am,3971.0
960,1453690409097,2016-01-25-10-53-29am,3776.0
961,1453690409297,2016-01-25-10-53-29am,3146.0
962,1453690409497,2016-01-25-10-53-29am,2526.0
963,1453690409697,2016-01-25-10-53-29am,2291.0
964,1453690409897,2016-01-25-10-53-29am,2201.0
965,1453690410097,2016-01-25-10-53-30am,2246.0
966,1453690410297,2016-01-25-10-53-30am,1896.0
967,1453690410499,2016-01-25-10-53-30am,1526.0
968,1453690410697,2016-01-25-10-53-30am,1726.0
969,1453690410897,2016-01-25-10-53-30am,2346.0
970,1453690411097,2016-01-25-10-53-31am,2016.0
971,1453690411297,2016-01-25-10-53-31am,1641.0
972,1453690411497,2016-01-25-10-53-31am,1581.0
973,1453690411697,2016-01-25-10-53-31am,1611.0
974,1453690411897,2016-01-25-10-53-31am,1546.0
975,1453690412097,2016-01-25-10-53-32am,1596.0
976,1453690412299,2016-01-25-10-53-32am,1636.0
977,1453690412497,2016-01-25-10-53-32am,1271.0
978,1453690412697,2016-01-25-10-53-32am,1231.0
979,1453690412897,2016-01-25-10-53-32am,2086.0
980,1453690413097,2016-01-25-10-53-33am,2796.0
981,1453690413297,2016-01-25-10-53-33am,2146.0
982,1453690413497,2016-01-25-10-53-33am,1241.0
983,1453690413697,2016-01-25-10-53-33am,1141.0
984,1453690413897,2016-01-25-10-53-33am,1211.0
985,1453690414099,2016-01-25-10-53-34am,1291.0
986,1453690414297,2016-01-25-10-53-34am,1356.0
987,1453690414497,2016-01-25-10-53-34am,1551.0
988,1453690414696,2016-01-25-10-53-34am,1181.0
989,1453690414897,2016-01-25-10-53-34am,1201.0
990,1453690415097,2016-01-25-10-53-35am,1196.0
991,1453690415297,2016-01-25-10-53-35am,1051.0
992,1453690415499,2016-01-25-10-53-35am,996.0
993,1453690415697,2016-01-25-10-53-35am,1016.0
994,1453690415897,2016-01-25-10-53-35am,1026.0
995,1453690416097,2016-01-25-10-53-36am,991.0
996,1453690416297,2016-01-25-10-53-36am,896.0
997,1453690416497,2016-01-25-10-53-36am,851.0
998,1453690416697,2016-01-25-10-53-36am,1006.0
999,1453690416897,2016-01-25-10-53-36am,1031.0
1000,1453690417097,2016-01-25-10-53-37am,1136.0
1001,1453690417297,2016-01-25-10-53-37am,1051.0
1002,1453690417499,2016-01-25-10-53-37am,1071.0
1003,1453690417697,2016-01-25-10-53-37am,1186.0
1004,1453690417897,2016-01-25-10-53-37am,1226.0
1005,1453690418097,2016-01-25-10-53-38am,1291.0
1006,1453690418297,2016-01-25-10-53-38am,1201.0
1007,1453690418497,2016-01-25-10-53-38am,1206.0
1008,1453690418697,2016-01-25-10-53-38am,1191.0
1009,1453690418897,2016-01-25-10-53-38am,1346.0
1010,1453690419097,2016-01-25-10-53-39am,1461.0
1011,1453690419297,2016-01-25-10-53-39am,1336.0
1012,1453690419497,2016-01-25-10-53-39am,1396.0
1013,1453690419697,2016-01-25-10-53-39am,1466.0
1014,1453690419897,2016-01-25-10-53-39am,1711.0
1015,1453690420097,2016-01-25-10-53-40am,1771.0
1016,1453690420297,2016-01-25-10-53-40am,1576.0
1017,1453690420497,2016-01-25-10-53-40am,1496.0
1018,1453690420697,2016-01-25-10-53-40am,1271.0
1019,1453690420897,2016-01-25-10-53-40am,1396.0
1020,1453690421097,2016-01-25-10-53-41am,1581.0
1021,1453690421297,2016-01-25-10-53-41am,1726.0
1022,1453690421497,2016-01-25-10-53-41am,2071.0
1023,1453690421697,2016-01-25-10-53-41am,1461.0
1024,1453690421897,2016-01-25-10-53-41am,1301.0
1025,1453690422097,2016-01-25-10-53-42am,1321.0
1026,1453690422297,2016-01-25-10-53-42am,1446.0
1027,1453690422497,2016-01-25-10-53-42am,1771.0
1028,1453690422697,2016-01-25-10-53-42am,1281.0
1029,1453690422897,2016-01-25-10-53-42am,2246.0
1030,1453690423097,2016-01-25-10-53-43am,2321.0
1031,1453690423297,2016-01-25-10-53-43am,1361.0
1032,1453690423497,2016-01-25-10-53-43am,1461.0
1033,1453690423697,2016-01-25-10-53-43am,1986.0
1034,1453690423897,2016-01-25-10-53-43am,5251.0
1035,1453690424098,2016-01-25-10-53-44am,5176.0
1036,1453690424299,2016-01-25-10-53-44am,4061.0
1037,1453690424496,2016-01-25-10-53-44am,3636.0
1038,1453690424698,2016-01-25-10-53-44am,5031.0
1039,1453690424897,2016-01-25-10-53-44am,6731.0
1040,1453690425099,2016-01-25-10-53-45am,6726.0
1041,1453690425297,2016-01-25-10-53-45am,4421.0
1042,1453690425497,2016-01-25-10-53-45am,3996.0
1043,1453690425698,2016-01-25-10-53-45am,3726.0
1044,1453690425897,2016-01-25-10-53-45am,5561.0
1045,1453690426097,2016-01-25-10-53-46am,3836.0
1046,1453690426297,2016-01-25-10-53-46am,2686.0
1047,1453690426497,2016-01-25-10-53-46am,2051.0
1048,1453690426697,2016-01-25-10-53-46am,1331.0
1049,1453690426897,2016-01-25-10-53-46am,1381.0
1050,1453690427097,2016-01-25-10-53-47am,1291.0
1051,1453690427297,2016-01-25-10-53-47am,1121.0
1052,1453690427497,2016-01-25-10-53-47am,1131.0
1053,1453690427697,2016-01-25-10-53-47am,1136.0
1054,1453690427897,2016-01-25-10-53-47am,1416.0
1055,1453690428097,2016-01-25-10-53-48am,1171.0
1056,1453690428297,2016-01-25-10-53-48am,1101.0
1057,1453690428697,2016-01-25-10-53-48am,1196.0
1058,1453690428897,2016-01-25-10-53-48am,1151.0
1059,1453690429097,2016-01-25-10-53-49am,1226.0
1060,1453690429297,2016-01-25-10-53-49am,1156.0
1061,1453690429497,2016-01-25-10-53-49am,1126.0
1062,1453690429697,2016-01-25-10-53-49am,1116.0
1063,1453690429897,2016-01-25-10-53-49am,1071.0
1064,1453690430097,2016-01-25-10-53-50am,1926.0
1065,1453690430297,2016-01-25-10-53-50am,2126.0
1066,1453690430497,2016-01-25-10-53-50am,2511.0
1067,1453690430697,2016-01-25-10-53-50am,1786.0
1068,1453690430897,2016-01-25-10-53-50am,4206.0
1069,1453690431097,2016-01-25-10-53-51am,3171.0
1070,1453690431297,2016-01-25-10-53-51am,2256.0
1071,1453690431497,2016-01-25-10-53-51am,2176.0
1072,1453690431697,2016-01-25-10-53-51am,2321.0
1073,1453690431897,2016-01-25-10-53-51am,1891.0
1074,1453690432097,2016-01-25-10-53-52am,1916.0
1075,1453690432297,2016-01-25-10-53-52am,1731.0
1076,1453690432499,2016-01-25-10-53-52am,1121.0
1077,1453690432697,2016-01-25-10-53-52am,521.0
1078,1453690432897,2016-01-25-10-53-52am,506.0
1079,1453690433097,2016-01-25-10-53-53am,421.0
1080,1453690433297,2016-01-25-10-53-53am,501.0
1081,1453690433497,2016-01-25-10-53-53am,481.0
1082,1453690433698,2016-01-25-10-53-53am,361.0
1083,1453690433897,2016-01-25-10-53-53am,331.0
1084,1453690434097,2016-01-25-10-53-54am,316.0
1085,1453690434297,2016-01-25-10-53-54am,371.0
1086,1453690434497,2016-01-25-10-53-54am,311.0
1087,1453690434697,2016-01-25-10-53-54am,281.0
1088,1453690434897,2016-01-25-10-53-54am,291.0
1089,1453690435097,2016-01-25-10-53-55am,286.0
1090,1453690435297,2016-01-25-10-53-55am,281.0
1091,1453690435497,2016-01-25-10-53-55am,261.0
1092,1453690435897,2016-01-25-10-53-55am,241.0
1093,1453690436097,2016-01-25-10-53-56am,246.0
1094,1453690436497,2016-01-25-10-53-56am,231.0
1095,1453690436699,2016-01-25-10-53-56am,236.0
1096,1453690436897,2016-01-25-10-53-56am,226.0
1097,1453690437097,2016-01-25-10-53-57am,241.0
1098,1453690437297,2016-01-25-10-53-57am,226.0
1099,1453690437497,2016-01-25-10-53-57am,221.0
1100,1453690437697,2016-01-25-10-53-57am,216.0
1101,1453690437898,2016-01-25-10-53-57am,221.0
1102,1453690438097,2016-01-25-10-53-58am,216.0
1103,1453690438497,2016-01-25-10-53-58am,231.0
1104,1453690438899,2016-01-25-10-53-58am,246.0
1105,1453690439099,2016-01-25-10-53-59am,256.0
1106,1453690439297,2016-01-25-10-53-59am,301.0
1107,1453690439497,2016-01-25-10-53-59am,356.0
1108,1453690439697,2016-01-25-10-53-59am,496.0
1109,1453690439897,2016-01-25-10-53-59am,551.0
1110,1453690440097,2016-01-25-10-54-00am,626.0
1111,1453690440297,2016-01-25-10-54-00am,636.0
1112,1453690440497,2016-01-25-10-54-00am,576.0
1113,1453690440697,2016-01-25-10-54-00am,551.0
1114,1453690440897,2016-01-25-10-54-00am,781.0
1115,1453690441097,2016-01-25-10-54-01am,841.0
1116,1453690441297,2016-01-25-10-54-01am,776.0
1117,1453690441497,2016-01-25-10-54-01am,456.0
1118,1453690441697,2016-01-25-10-54-01am,376.0
1119,1453690441897,2016-01-25-10-54-01am,361.0
1120,1453690442097,2016-01-25-10-54-02am,406.0
1121,1453690442297,2016-01-25-10-54-02am,551.0
1122,1453690442497,2016-01-25-10-54-02am,466.0
1123,1453690442697,2016-01-25-10-54-02am,451.0
1124,1453690442897,2016-01-25-10-54-02am,376.0
1125,1453690443097,2016-01-25-10-54-03am,411.0
1126,1453690443297,2016-01-25-10-54-03am,426.0
1127,1453690443497,2016-01-25-10-54-03am,411.0
1128,1453690443697,2016-01-25-10-54-03am,416.0
1129,1453690443897,2016-01-25-10-54-03am,381.0
1130,1453690444097,2016-01-25-10-54-04am,376.0
1131,1453690444297,2016-01-25-10-54-04am,366.0
1132,1453690444497,2016-01-25-10-54-04am,396.0
1133,1453690444696,2016-01-25-10-54-04am,401.0
1134,1453690444897,2016-01-25-10-54-04am,376.0
1135,1453690445297,2016-01-25-10-54-05am,461.0
1136,1453690445497,2016-01-25-10-54-05am,446.0
1137,1453690445697,2016-01-25-10-54-05am,386.0
1138,1453690445897,2016-01-25-10-54-05am,401.0
1139,1453690446097,2016-01-25-10-54-06am,386.0
1140,1453690446297,2016-01-25-10-54-06am,351.0
1141,1453690446497,2016-01-25-10-54-06am,366.0
1142,1453690446697,2016-01-25-10-54-06am,361.0
1143,1453690446897,2016-01-25-10-54-06am,341.0
1144,1453690447297,2016-01-25-10-54-07am,396.0
1145,1453690447497,2016-01-25-10-54-07am,406.0
1146,1453690447697,2016-01-25-10-54-07am,356.0
1147,1453690447897,2016-01-25-10-54-07am,321.0
1148,1453690448097,2016-01-25-10-54-08am,466.0
1149,1453690448297,2016-01-25-10-54-08am,526.0
1150,1453690448497,2016-01-25-10-54-08am,501.0
1151,1453690448697,2016-01-25-10-54-08am,546.0
1152,1453690448897,2016-01-25-10-54-08am,481.0
1153,1453690449097,2016-01-25-10-54-09am,441.0
1154,1453690449297,2016-01-25-10-54-09am,266.0
1155,1453690449497,2016-01-25-10-54-09am,291.0
1156,1453690449697,2016-01-25-10-54-09am,481.0
1157,1453690449897,2016-01-25-10-54-09am,406.0
1158,1453690450097,2016-01-25-10-54-10am,426.0
1159,1453690450297,2016-01-25-10-54-10am,266.0
1160,1453690450497,2016-01-25-10-54-10am,241.0
1161,1453690450697,2016-01-25-10-54-10am,386.0
1162,1453690450897,2016-01-25-10-54-10am,231.0
1163,1453690451097,2016-01-25-10-54-11am,226.0
1164,1453690451298,2016-01-25-10-54-11am,231.0
1165,1453690451697,2016-01-25-10-54-11am,221.0
1166,1453690451897,2016-01-25-10-54-11am,196.0
1167,1453690452097,2016-01-25-10-54-12am,191.0
1168,1453690452297,2016-01-25-10-54-12am,201.0
1169,1453690452497,2016-01-25-10-54-12am,206.0
1170,1453690452697,2016-01-25-10-54-12am,201.0
1171,1453690452897,2016-01-25-10-54-12am,191.0
1172,1453690453097,2016-01-25-10-54-13am,186.0
1173,1453690453297,2016-01-25-10-54-13am,191.0
1174,1453690453497,2016-01-25-10-54-13am,206.0
1175,1453690453697,2016-01-25-10-54-13am,211.0
1176,1453690453897,2016-01-25-10-54-13am,191.0
1177,1453690454097,2016-01-25-10-54-14am,181.0
1178,1453690454299,2016-01-25-10-54-14am,176.0
1179,1453690454497,2016-01-25-10-54-14am,296.0
1180,1453690454697,2016-01-25-10-54-14am,421.0
1181,1453690454897,2016-01-25-10-54-14am,446.0
1182,1453690455097,2016-01-25-10-54-15am,356.0
1183,1453690455297,2016-01-25-10-54-15am,516.0
1184,1453690455497,2016-01-25-10-54-15am,546.0
1185,1453690455697,2016-01-25-10-54-15am,1046.0
1186,1453690455897,2016-01-25-10-54-15am,906.0
1187,1453690456097,2016-01-25-10-54-16am,506.0
1188,1453690456297,2016-01-25-10-54-16am,681.0
1189,1453690456497,2016-01-25-10-54-16am,651.0
1190,1453690456697,2016-01-25-10-54-16am,441.0
1191,1453690456897,2016-01-25-10-54-16am,401.0
1192,1453690457097,2016-01-25-10-54-17am,361.0
1193,1453690457297,2016-01-25-10-54-17am,326.0
1194,1453690457497,2016-01-25-10-54-17am,386.0
1195,1453690457699,2016-01-25-10-54-17am,561.0
1196,1453690457900,2016-01-25-10-54-17am,746.0
1197,1453690458097,2016-01-25-10-54-18am,306.0
1198,1453690458297,2016-01-25-10-54-18am,256.0
1199,1453690458497,2016-01-25-10-54-18am,316.0
1200,1453690458697,2016-01-25-10-54-18am,306.0
1201,1453690458897,2016-01-25-10-54-18am,291.0
1202,1453690459096,2016-01-25-10-54-19am,236.0
1203,1453690459297,2016-01-25-10-54-19am,306.0
1204,1453690459497,2016-01-25-10-54-19am,296.0
1205,1453690459697,2016-01-25-10-54-19am,291.0
1206,1453690459897,2016-01-25-10-54-19am,231.0
1207,1453690460097,2016-01-25-10-54-20am,266.0
1208,1453690460297,2016-01-25-10-54-20am,256.0
1209,1453690460497,2016-01-25-10-54-20am,251.0
1210,1453690460697,2016-01-25-10-54-20am,226.0
1211,1453690460897,2016-01-25-10-54-20am,181.0
1212,1453690461297,2016-01-25-10-54-21am,166.0
1213,1453690461497,2016-01-25-10-54-21am,141.0
1214,1453690461697,2016-01-25-10-54-21am,116.0
1215,1453690461897,2016-01-25-10-54-21am,106.0
1216,1453690462097,2016-01-25-10-54-22am,111.0
1217,1453690462297,2016-01-25-10-54-22am,106.0
1218,1453690462497,2016-01-25-10-54-22am,91.0
1219,1453690462698,2016-01-25-10-54-22am,66.0
1220,1453690462900,2016-01-25-10-54-22am,56.0
1221,1453690463097,2016-01-25-10-54-23am,51.0
1222,1453690463297,2016-01-25-10-54-23am,41.0
1223,1453690463497,2016-01-25-10-54-23am,31.0
1224,1453690463697,2016-01-25-10-54-23am,26.0
1225,1453690463897,2016-01-25-10-54-23am,21.0
1226,1453690464297,2016-01-25-10-54-24am,16.0
1227,1453690464697,2016-01-25-10-54-24am,26.0
1228,1453690464898,2016-01-25-10-54-24am,76.0
1229,1453690465097,2016-01-25-10-54-25am,106.0
1230,1453690465297,2016-01-25-10-54-25am,116.0
1231,1453690465497,2016-01-25-10-54-25am,126.0
1232,1453690465697,2016-01-25-10-54-25am,111.0
1233,1453690465899,2016-01-25-10-54-25am,106.0
1234,1453690466097,2016-01-25-10-54-26am,91.0
1235,1453690466297,2016-01-25-10-54-26am,71.0
1236,1453690466497,2016-01-25-10-54-26am,61.0
1237,1453690466697,2016-01-25-10-54-26am,16.0
1238,1453690467097,2016-01-25-10-54-27am,11.0
1239,1453690467497,2016-01-25-10-54-27am,31.0
1240,1453690467697,2016-01-25-10-54-27am,66.0
1241,1453690467897,2016-01-25-10-54-27am,96.0
1242,1453690468097,2016-01-25-10-54-28am,146.0
1243,1453690468297,2016-01-25-10-54-28am,156.0
1244,1453690468497,2016-01-25-10-54-28am,106.0
1245,1453690468697,2016-01-25-10-54-28am,76.0
1246,1453690468897,2016-01-25-10-54-28am,56.0
1247,1453690469097,2016-01-25-10-54-29am,31.0
1248,1453690469297,2016-01-25-10-54-29am,16.0
1249,1453690469497,2016-01-25-10-54-29am,11.0
1250,1453690469697,2016-01-25-10-54-29am,1.0
1251,1453690469897,2016-01-25-10-54-29am,6.0
1252,1453690470697,2016-01-25-10-54-30am,66.0
1253,1453690470897,2016-01-25-10-54-30am,101.0
1254,1453690471097,2016-01-25-10-54-31am,156.0
1255,1453690471297,2016-01-25-10-54-31am,161.0
1256,1453690471497,2016-01-25-10-54-31am,136.0
1257,1453690471697,2016-01-25-10-54-31am,111.0
1258,1453690471897,2016-01-25-10-54-31am,81.0
1259,1453690472098,2016-01-25-10-54-32am,51.0
1260,1453690472297,2016-01-25-10-54-32am,11.0
1261,1453690472497,2016-01-25-10-54-32am,6.0
1262,1453690472697,2016-01-25-10-54-32am,1.0
1263,1453690475097,2016-01-25-10-54-35am,6.0
1264,1453690475297,2016-01-25-10-54-35am,11.0
1265,1453690475497,2016-01-25-10-54-35am,21.0
1266,1453690475697,2016-01-25-10-54-35am,26.0
1267,1453690475899,2016-01-25-10-54-35am,31.0
1268,1453690476097,2016-01-25-10-54-36am,36.0
1269,1453690476497,2016-01-25-10-54-36am,31.0
1270,1453690476697,2016-01-25-10-54-36am,11.0
1271,1453690476897,2016-01-25-10-54-36am,6.0
1272,1453690477897,2016-01-25-10-54-37am,11.0
1273,1453690478097,2016-01-25-10-54-38am,21.0
1274,1453690478297,2016-01-25-10-54-38am,36.0
1275,1453690478897,2016-01-25-10-54-38am,31.0
1276,1453690479097,2016-01-25-10-54-39am,26.0
1277,1453690479297,2016-01-25-10-54-39am,31.0
1278,1453690479897,2016-01-25-10-54-39am,26.0
1279,1453690480097,2016-01-25-10-54-40am,31.0
1280,1453690480297,2016-01-25-10-54-40am,36.0
1281,1453690480497,2016-01-25-10-54-40am,41.0
1282,1453690480697,2016-01-25-10-54-40am,46.0
1283,1453690480897,2016-01-25-10-54-40am,56.0
1284,1453690481497,2016-01-25-10-54-41am,81.0
1285,1453690481697,2016-01-25-10-54-41am,91.0
1286,1453690482097,2016-01-25-10-54-42am,101.0
1287,1453690482297,2016-01-25-10-54-42am,81.0
1288,1453690482697,2016-01-25-10-54-42am,61.0
1289,1453690482897,2016-01-25-10-54-42am,51.0
1290,1453690483097,2016-01-25-10-54-43am,41.0
1291,1453690483297,2016-01-25-10-54-43am,26.0
1292,1453690483497,2016-01-25-10-54-43am,61.0
1293,1453690483697,2016-01-25-10-54-43am,71.0
1294,1453690483897,2016-01-25-10-54-43am,56.0
1295,1453690484297,2016-01-25-10-54-44am,36.0
1296,1453690484497,2016-01-25-10-54-44am,46.0
1297,1453690485297,2016-01-25-10-54-45am,41.0
1298,1453690485497,2016-01-25-10-54-45am,61.0
1299,1453690485697,2016-01-25-10-54-45am,66.0
1300,1453690485897,2016-01-25-10-54-45am,81.0
1301,1453690486097,2016-01-25-10-54-46am,91.0
1302,1453690486297,2016-01-25-10-54-46am,191.0
1303,1453690486697,2016-01-25-10-54-46am,151.0
1304,1453690486897,2016-01-25-10-54-46am,106.0
1305,1453690487097,2016-01-25-10-54-47am,101.0
1306,1453690487297,2016-01-25-10-54-47am,106.0
1307,1453690487497,2016-01-25-10-54-47am,81.0
1308,1453690487697,2016-01-25-10-54-47am,61.0
1309,1453690488097,2016-01-25-10-54-48am,31.0
1310,1453690488297,2016-01-25-10-54-48am,26.0
1311,1453690488497,2016-01-25-10-54-48am,51.0
1312,1453690488697,2016-01-25-10-54-48am,101.0
1313,1453690488897,2016-01-25-10-54-48am,106.0
1314,1453690489097,2016-01-25-10-54-49am,156.0
1315,1453690489297,2016-01-25-10-54-49am,161.0
1316,1453690489497,2016-01-25-10-54-49am,171.0
1317,1453690489697,2016-01-25-10-54-49am,176.0
1318,1453690489897,2016-01-25-10-54-49am,196.0
1319,1453690490097,2016-01-25-10-54-50am,201.0
1320,1453690490297,2016-01-25-10-54-50am,206.0
1321,1453690490497,2016-01-25-10-54-50am,176.0
1322,1453690490697,2016-01-25-10-54-50am,151.0
1323,1453690490897,2016-01-25-10-54-50am,171.0
1324,1453690491097,2016-01-25-10-54-51am,176.0
1325,1453690491297,2016-01-25-10-54-51am,186.0
1326,1453690491497,2016-01-25-10-54-51am,201.0
1327,1453690491699,2016-01-25-10-54-51am,186.0
1328,1453690491897,2016-01-25-10-54-51am,176.0
1329,1453690492097,2016-01-25-10-54-52am,166.0
1330,1453690492297,2016-01-25-10-54-52am,156.0
1331,1453690492497,2016-01-25-10-54-52am,171.0
1332,1453690492697,2016-01-25-10-54-52am,161.0
1333,1453690492898,2016-01-25-10-54-52am,151.0
1334,1453690493097,2016-01-25-10-54-53am,146.0
1335,1453690493297,2016-01-25-10-54-53am,131.0
1336,1453690493497,2016-01-25-10-54-53am,116.0
1337,1453690493697,2016-01-25-10-54-53am,96.0
1338,1453690493897,2016-01-25-10-54-53am,101.0
1339,1453690494097,2016-01-25-10-54-54am,121.0
1340,1453690494497,2016-01-25-10-54-54am,111.0
1341,1453690494696,2016-01-25-10-54-54am,106.0
1342,1453690495297,2016-01-25-10-54-55am,116.0
1343,1453690495497,2016-01-25-10-54-55am,121.0
1344,1453690495697,2016-01-25-10-54-55am,111.0
1345,1453690495897,2016-01-25-10-54-55am,81.0
1346,1453690496097,2016-01-25-10-54-56am,66.0
1347,1453690496297,2016-01-25-10-54-56am,56.0
1348,1453690496497,2016-01-25-10-54-56am,76.0
1349,1453690496697,2016-01-25-10-54-56am,86.0
1350,1453690496897,2016-01-25-10-54-56am,101.0
1351,1453690497097,2016-01-25-10-54-57am,116.0
1352,1453690497297,2016-01-25-10-54-57am,131.0
1353,1453690497497,2016-01-25-10-54-57am,161.0
1354,1453690497697,2016-01-25-10-54-57am,146.0
1355,1453690498097,2016-01-25-10-54-58am,161.0
1356,1453690498297,2016-01-25-10-54-58am,181.0
1357,1453690498497,2016-01-25-10-54-58am,171.0
1358,1453690498697,2016-01-25-10-54-58am,146.0
1359,1453690498897,2016-01-25-10-54-58am,106.0
1360,1453690499097,2016-01-25-10-54-59am,96.0
1361,1453690499296,2016-01-25-10-54-59am,106.0
1362,1453690499497,2016-01-25-10-54-59am,96.0
1363,1453690499697,2016-01-25-10-54-59am,111.0
1364,1453690499897,2016-01-25-10-54-59am,96.0
1365,1453690500297,2016-01-25-10-55-00am,81.0
1366,1453690500497,2016-01-25-10-55-00am,86.0
1367,1453690500697,2016-01-25-10-55-00am,81.0
1368,1453690500897,2016-01-25-10-55-00am,86.0
1369,1453690501097,2016-01-25-10-55-01am,106.0
1370,1453690501297,2016-01-25-10-55-01am,111.0
1371,1453690501497,2016-01-25-10-55-01am,146.0
1372,1453690501697,2016-01-25-10-55-01am,161.0
1373,1453690501897,2016-01-25-10-55-01am,176.0
1374,1453690502097,2016-01-25-10-55-02am,191.0
1375,1453690502497,2016-01-25-10-55-02am,221.0
1376,1453690502697,2016-01-25-10-55-02am,191.0
1377,1453690503097,2016-01-25-10-55-03am,181.0
1378,1453690503297,2016-01-25-10-55-03am,196.0
1379,1453690503497,2016-01-25-10-55-03am,206.0
1380,1453690503697,2016-01-25-10-55-03am,196.0
1381,1453690503897,2016-01-25-10-55-03am,181.0
1382,1453690504097,2016-01-25-10-55-04am,146.0
1383,1453690504297,2016-01-25-10-55-04am,131.0
1384,1453690504497,2016-01-25-10-55-04am,151.0
1385,1453690504697,2016-01-25-10-55-04am,156.0
1386,1453690504897,2016-01-25-10-55-04am,161.0
1387,1453690505097,2016-01-25-10-55-05am,166.0
1388,1453690505497,2016-01-25-10-55-05am,171.0
1389,1453690505697,2016-01-25-10-55-05am,181.0
1390,1453690505896,2016-01-25-10-55-05am,176.0
1391,1453690506097,2016-01-25-10-55-06am,146.0
1392,1453690506297,2016-01-25-10-55-06am,126.0
1393,1453690506497,2016-01-25-10-55-06am,121.0
1394,1453690506697,2016-01-25-10-55-06am,141.0
1395,1453690506897,2016-01-25-10-55-06am,131.0
1396,1453690507097,2016-01-25-10-55-07am,151.0
1397,1453690507297,2016-01-25-10-55-07am,136.0
1398,1453690507497,2016-01-25-10-55-07am,96.0
1399,1453690507697,2016-01-25-10-55-07am,121.0
1400,1453690507897,2016-01-25-10-55-07am,111.0
1401,1453690508097,2016-01-25-10-55-08am,121.0
1402,1453690508497,2016-01-25-10-55-08am,96.0
1403,1453690508697,2016-01-25-10-55-08am,86.0
1404,1453690509097,2016-01-25-10-55-09am,101.0
1405,1453690509297,2016-01-25-10-55-09am,106.0
1406,1453690509497,2016-01-25-10-55-09am,91.0
1407,1453690509697,2016-01-25-10-55-09am,81.0
1408,1453690509897,2016-01-25-10-55-09am,66.0
1409,1453690510097,2016-01-25-10-55-10am,76.0
1410,1453690510497,2016-01-25-10-55-10am,66.0
1411,1453690510697,2016-01-25-10-55-10am,71.0
1412,1453690510897,2016-01-25-10-55-10am,81.0
1413,1453690511097,2016-01-25-10-55-11am,91.0
1414,1453690511297,2016-01-25-10-55-11am,76.0
1415,1453690511497,2016-01-25-10-55-11am,71.0
1416,1453690511698,2016-01-25-10-55-11am,76.0
1417,1453690511897,2016-01-25-10-55-11am,86.0
1418,1453690512097,2016-01-25-10-55-12am,91.0
1419,1453690512297,2016-01-25-10-55-12am,81.0
1420,1453690512499,2016-01-25-10-55-12am,61.0
1421,1453690512697,2016-01-25-10-55-12am,66.0
1422,1453690512897,2016-01-25-10-55-12am,61.0
1423,1453690513097,2016-01-25-10-55-13am,76.0
1424,1453690513697,2016-01-25-10-55-13am,86.0
1425,1453690513897,2016-01-25-10-55-13am,91.0
1426,1453690514097,2016-01-25-10-55-14am,86.0
1427,1453690514297,2016-01-25-10-55-14am,76.0
1428,1453690514697,2016-01-25-10-55-14am,91.0
1429,1453690514897,2016-01-25-10-55-14am,71.0
1430,1453690515097,2016-01-25-10-55-15am,61.0
1431,1453690515297,2016-01-25-10-55-15am,111.0
1432,1453690515497,2016-01-25-10-55-15am,96.0
1433,1453690515697,2016-01-25-10-55-15am,91.0
1434,1453690516097,2016-01-25-10-55-16am,86.0
1435,1453690516297,2016-01-25-10-55-16am,71.0
1436,1453690516497,2016-01-25-10-55-16am,56.0
1437,1453690516697,2016-01-25-10-55-16am,41.0
1438,1453690516897,2016-01-25-10-55-16am,26.0
1439,1453690517097,2016-01-25-10-55-17am,16.0
1440,1453690517297,2016-01-25-10-55-17am,21.0
1441,1453690517497,2016-01-25-10-55-17am,26.0
1442,1453690517697,2016-01-25-10-55-17am,41.0
1443,1453690517897,2016-01-25-10-55-17am,46.0
1444,1453690518097,2016-01-25-10-55-18am,51.0
1445,1453690518297,2016-01-25-10-55-18am,46.0
1446,1453690518500,2016-01-25-10-55-18am,6.0
1447,1453690519497,2016-01-25-10-55-19am,16.0
1448,1453690519697,2016-01-25-10-55-19am,36.0
1449,1453690519897,2016-01-25-10-55-19am,56.0
1450,1453690520097,2016-01-25-10-55-20am,66.0
1451,1453690520299,2016-01-25-10-55-20am,81.0
1452,1453690520498,2016-01-25-10-55-20am,106.0
1453,1453690520697,2016-01-25-10-55-20am,111.0
1454,1453690520897,2016-01-25-10-55-20am,106.0
1455,1453690521097,2016-01-25-10-55-21am,111.0
1456,1453690521297,2016-01-25-10-55-21am,66.0
1457,1453690521497,2016-01-25-10-55-21am,6.0
1458,1453690522497,2016-01-25-10-55-22am,51.0
1459,1453690522697,2016-01-25-10-55-22am,66.0
1460,1453690522897,2016-01-25-10-55-22am,91.0
1461,1453690523097,2016-01-25-10-55-23am,101.0
1462,1453690523297,2016-01-25-10-55-23am,51.0
1463,1453690523497,2016-01-25-10-55-23am,126.0
1464,1453690523697,2016-01-25-10-55-23am,171.0
1465,1453690523897,2016-01-25-10-55-23am,166.0
1466,1453690524097,2016-01-25-10-55-24am,126.0
1467,1453690524297,2016-01-25-10-55-24am,26.0
1468,1453690524497,2016-01-25-10-55-24am,21.0
1469,1453690524697,2016-01-25-10-55-24am,41.0
1470,1453690524897,2016-01-25-10-55-24am,51.0
1471,1453690525097,2016-01-25-10-55-25am,56.0
1472,1453690525297,2016-01-25-10-55-25am,61.0
1473,1453690525497,2016-01-25-10-55-25am,56.0
1474,1453690525897,2016-01-25-10-55-25am,46.0
1475,1453690526097,2016-01-25-10-55-26am,26.0
1476,1453690526297,2016-01-25-10-55-26am,21.0
1477,1453690526497,2016-01-25-10-55-26am,11.0
1478,1453690526897,2016-01-25-10-55-26am,6.0
1479,1453690527297,2016-01-25-10-55-27am,16.0
1480,1453690527497,2016-01-25-10-55-27am,21.0
1481,1453690527697,2016-01-25-10-55-27am,26.0
1482,1453690527897,2016-01-25-10-55-27am,46.0
1483,1453690528097,2016-01-25-10-55-28am,61.0
1484,1453690528297,2016-01-25-10-55-28am,96.0
1485,1453690528497,2016-01-25-10-55-28am,121.0
1486,1453690528897,2016-01-25-10-55-28am,111.0
1487,1453690529097,2016-01-25-10-55-29am,91.0
1488,1453690529297,2016-01-25-10-55-29am,71.0
1489,1453690529497,2016-01-25-10-55-29am,36.0
1490,1453690529697,2016-01-25-10-55-29am,31.0
1491,1453690529897,2016-01-25-10-55-29am,21.0
1492,1453690530097,2016-01-25-10-55-30am,6.0
1493,1453690530697,2016-01-25-10-55-30am,16.0
1494,1453690530897,2016-01-25-10-55-30am,31.0
1495,1453690531097,2016-01-25-10-55-31am,36.0
1496,1453690531297,2016-01-25-10-55-31am,31.0
1497,1453690531497,2016-01-25-10-55-31am,16.0
1498,1453690531697,2016-01-25-10-55-31am,36.0
1499,1453690531897,2016-01-25-10-55-31am,31.0
1500,1453690532107,2016-01-25-10-55-32am,36.0
1501,1453690532296,2016-01-25-10-55-32am,46.0
1502,1453690532520,2016-01-25-10-55-32am,36.0
1503,1453690532697,2016-01-25-10-55-32am,11.0
1504,1453690532896,2016-01-25-10-55-32am,6.0
1505,1453690533097,2016-01-25-10-55-33am,16.0
1506,1453690533297,2016-01-25-10-55-33am,31.0
1507,1453690533497,2016-01-25-10-55-33am,26.0
1508,1453690533697,2016-01-25-10-55-33am,36.0
1509,1453690533897,2016-01-25-10-55-33am,1.0
1510,1453690534296,2016-01-25-10-55-34am,21.0
1511,1453690534696,2016-01-25-10-55-34am,11.0
1512,1453690534897,2016-01-25-10-55-34am,1.0
1513,1453690535296,2016-01-25-10-55-35am,11.0
1514,1453690535497,2016-01-25-10-55-35am,16.0
1515,1453690535697,2016-01-25-10-55-35am,11.0
1516,1453690547401,2016-01-25-10-55-47am,71.0
1517,1453690547500,2016-01-25-10-55-47am,81.0
1518,1453690547797,2016-01-25-10-55-47am,71.0
1519,1453690547900,2016-01-25-10-55-47am,66.0
1520,1453690548101,2016-01-25-10-55-48am,61.0
1521,1453690548300,2016-01-25-10-55-48am,21.0
1522,1453690548502,2016-01-25-10-55-48am,1.0
1523,1453690548700,2016-01-25-10-55-48am,21.0
1524,1453690548900,2016-01-25-10-55-48am,36.0
1525,1453690549100,2016-01-25-10-55-49am,56.0
1526,1453690549501,2016-01-25-10-55-49am,61.0
1527,1453690549700,2016-01-25-10-55-49am,66.0
1528,1453690549900,2016-01-25-10-55-49am,61.0
1529,1453690550100,2016-01-25-10-55-50am,56.0
1530,1453690550300,2016-01-25-10-55-50am,61.0
1531,1453690550900,2016-01-25-10-55-50am,71.0
1532,1453690551100,2016-01-25-10-55-51am,66.0
1533,1453690551300,2016-01-25-10-55-51am,76.0
1534,1453690551703,2016-01-25-10-55-51am,71.0
1535,1453690551900,2016-01-25-10-55-51am,11.0
1536,1453690552100,2016-01-25-10-55-52am,1.0
1537,1453690552300,2016-01-25-10-55-52am,6.0
1538,1453690552500,2016-01-25-10-55-52am,21.0
1539,1453690552700,2016-01-25-10-55-52am,31.0
1540,1453690552900,2016-01-25-10-55-52am,41.0
1541,1453690553100,2016-01-25-10-55-53am,56.0
1542,1453690553300,2016-01-25-10-55-53am,61.0
1543,1453690553500,2016-01-25-10-55-53am,71.0
1544,1453690553700,2016-01-25-10-55-53am,76.0
1545,1453690554100,2016-01-25-10-55-54am,71.0
1546,1453690554300,2016-01-25-10-55-54am,1.0
1547,1453690554500,2016-01-25-10-55-54am,26.0
1548,1453690554700,2016-01-25-10-55-54am,46.0
1549,1453690555100,2016-01-25-10-55-55am,36.0
1550,1453690555300,2016-01-25-10-55-55am,41.0
1551,1453690555500,2016-01-25-10-55-55am,36.0
1552,1453690555700,2016-01-25-10-55-55am,41.0
1553,1453690555901,2016-01-25-10-55-55am,46.0
1554,1453690556300,2016-01-25-10-55-56am,51.0
1555,1453690556700,2016-01-25-10-55-56am,41.0
1556,1453690556900,2016-01-25-10-55-56am,11.0
1557,1453690557100,2016-01-25-10-55-57am,6.0
1558,1453690557500,2016-01-25-10-55-57am,16.0
1559,1453690557700,2016-01-25-10-55-57am,1.0
1560,1453690558500,2016-01-25-10-55-58am,6.0
1561,1453690558700,2016-01-25-10-55-58am,11.0
1562,1453690558900,2016-01-25-10-55-58am,26.0
1563,1453690559100,2016-01-25-10-55-59am,41.0
1564,1453690559301,2016-01-25-10-55-59am,56.0
1565,1453690559500,2016-01-25-10-55-59am,61.0
1566,1453690559700,2016-01-25-10-55-59am,71.0
1567,1453690559900,2016-01-25-10-55-59am,76.0
1568,1453690560100,2016-01-25-10-56-00am,71.0
1569,1453690560300,2016-01-25-10-56-00am,16.0
1570,1453690560500,2016-01-25-10-56-00am,1.0
1571,1453690560700,2016-01-25-10-56-00am,6.0
1572,1453690560900,2016-01-25-10-56-00am,16.0
1573,1453690561100,2016-01-25-10-56-01am,21.0
1574,1453690561300,2016-01-25-10-56-01am,41.0
1575,1453690561500,2016-01-25-10-56-01am,51.0
1576,1453690561700,2016-01-25-10-56-01am,61.0
1577,1453690561900,2016-01-25-10-56-01am,81.0
1578,1453690562301,2016-01-25-10-56-02am,76.0
1579,1453690562500,2016-01-25-10-56-02am,61.0
1580,1453690562700,2016-01-25-10-56-02am,6.0
1581,1453690563100,2016-01-25-10-56-03am,21.0
1582,1453690563300,2016-01-25-10-56-03am,26.0
1583,1453690563500,2016-01-25-10-56-03am,36.0
1584,1453690563700,2016-01-25-10-56-03am,46.0
1585,1453690563900,2016-01-25-10-56-03am,51.0
1586,1453690564100,2016-01-25-10-56-04am,66.0
1587,1453690564301,2016-01-25-10-56-04am,71.0
1588,1453690564900,2016-01-25-10-56-04am,6.0
1589,1453690565300,2016-01-25-10-56-05am,16.0
1590,1453690565500,2016-01-25-10-56-05am,26.0
1591,1453690565700,2016-01-25-10-56-05am,41.0
1592,1453690565900,2016-01-25-10-56-05am,61.0
1593,1453690566100,2016-01-25-10-56-06am,66.0
1594,1453690566300,2016-01-25-10-56-06am,76.0
1595,1453690566500,2016-01-25-10-56-06am,96.0
1596,1453690566700,2016-01-25-10-56-06am,101.0
1597,1453690566900,2016-01-25-10-56-06am,96.0
1598,1453690567100,2016-01-25-10-56-07am,101.0
1599,1453690567300,2016-01-25-10-56-07am,86.0
1600,1453690567500,2016-01-25-10-56-07am,61.0
1601,1453690567700,2016-01-25-10-56-07am,76.0
1602,1453690567900,2016-01-25-10-56-07am,36.0
1603,1453690568100,2016-01-25-10-56-08am,46.0
1604,1453690568301,2016-01-25-10-56-08am,81.0
1605,1453690568900,2016-01-25-10-56-08am,76.0
1606,1453690569101,2016-01-25-10-56-09am,71.0
1607,1453690569300,2016-01-25-10-56-09am,41.0
1608,1453690569500,2016-01-25-10-56-09am,1.0
1609,1453690570300,2016-01-25-10-56-10am,21.0
1610,1453690570500,2016-01-25-10-56-10am,16.0
1611,1453690570700,2016-01-25-10-56-10am,26.0
1612,1453690570900,2016-01-25-10-56-10am,31.0
1613,1453690571100,2016-01-25-10-56-11am,36.0
1614,1453690571300,2016-01-25-10-56-11am,51.0
1615,1453690571500,2016-01-25-10-56-11am,61.0
1616,1453690571700,2016-01-25-10-56-11am,66.0
1617,1453690571901,2016-01-25-10-56-11am,81.0
1618,1453690572100,2016-01-25-10-56-12am,91.0
1619,1453690572500,2016-01-25-10-56-12am,101.0
1620,1453690572700,2016-01-25-10-56-12am,46.0
1621,1453690572900,2016-01-25-10-56-12am,51.0
1622,1453690573301,2016-01-25-10-56-13am,61.0
1623,1453690573500,2016-01-25-10-56-13am,106.0
1624,1453690573700,2016-01-25-10-56-13am,236.0
1625,1453690573900,2016-01-25-10-56-13am,321.0
1626,1453690574100,2016-01-25-10-56-14am,331.0
1627,1453690574302,2016-01-25-10-56-14am,206.0
1628,1453690574502,2016-01-25-10-56-14am,91.0
1629,1453690574701,2016-01-25-10-56-14am,66.0
1630,1453690575100,2016-01-25-10-56-15am,126.0
1631,1453690575301,2016-01-25-10-56-15am,186.0
1632,1453690575500,2016-01-25-10-56-15am,276.0
1633,1453690575700,2016-01-25-10-56-15am,326.0
1634,1453690575900,2016-01-25-10-56-15am,371.0
1635,1453690576100,2016-01-25-10-56-16am,306.0
1636,1453690576300,2016-01-25-10-56-16am,211.0
1637,1453690576500,2016-01-25-10-56-16am,201.0
1638,1453690576701,2016-01-25-10-56-16am,211.0
1639,1453690576900,2016-01-25-10-56-16am,206.0
1640,1453690577100,2016-01-25-10-56-17am,186.0
1641,1453690577300,2016-01-25-10-56-17am,251.0
1642,1453690577500,2016-01-25-10-56-17am,291.0
1643,1453690577700,2016-01-25-10-56-17am,301.0
1644,1453690577900,2016-01-25-10-56-17am,276.0
1645,1453690578102,2016-01-25-10-56-18am,281.0
1646,1453690578300,2016-01-25-10-56-18am,296.0
1647,1453690578500,2016-01-25-10-56-18am,321.0
1648,1453690578700,2016-01-25-10-56-18am,351.0
1649,1453690578900,2016-01-25-10-56-18am,371.0
1650,1453690579100,2016-01-25-10-56-19am,391.0
1651,1453690579300,2016-01-25-10-56-19am,396.0
1652,1453690579500,2016-01-25-10-56-19am,401.0
1653,1453690579700,2016-01-25-10-56-19am,396.0
1654,1453690579900,2016-01-25-10-56-19am,391.0
1655,1453690580100,2016-01-25-10-56-20am,386.0
1656,1453690580303,2016-01-25-10-56-20am,376.0
1657,1453690580501,2016-01-25-10-56-20am,371.0
1658,1453690580700,2016-01-25-10-56-20am,351.0
1659,1453690580900,2016-01-25-10-56-20am,361.0
1660,1453690581100,2016-01-25-10-56-21am,356.0
1661,1453690581900,2016-01-25-10-56-21am,361.0
1662,1453690583102,2016-01-25-10-56-23am,366.0
