1,1454383559002,2016-02-02-11-25-59am,476.0
2,1454383559287,2016-02-02-11-25-59am,906.0
3,1454383559489,2016-02-02-11-25-59am,1176.0
4,1454383559687,2016-02-02-11-25-59am,1911.0
5,1454383559888,2016-02-02-11-25-59am,2946.0
6,1454383560087,2016-02-02-11-26-00am,3581.0
7,1454383560287,2016-02-02-11-26-00am,5251.0
8,1454383560491,2016-02-02-11-26-00am,5601.0
9,1454383560687,2016-02-02-11-26-00am,6771.0
10,1454383560887,2016-02-02-11-26-00am,8871.0
11,1454383561087,2016-02-02-11-26-01am,8911.0
12,1454383561288,2016-02-02-11-26-01am,10436.0
13,1454383561489,2016-02-02-11-26-01am,9896.0
14,1454383561687,2016-02-02-11-26-01am,9876.0
15,1454383561887,2016-02-02-11-26-01am,10391.0
16,1454383562087,2016-02-02-11-26-02am,10961.0
17,1454383562287,2016-02-02-11-26-02am,12451.0
18,1454383562487,2016-02-02-11-26-02am,11361.0
19,1454383562687,2016-02-02-11-26-02am,11616.0
20,1454383562887,2016-02-02-11-26-02am,11701.0
21,1454383563088,2016-02-02-11-26-03am,11991.0
22,1454383563287,2016-02-02-11-26-03am,11781.0
23,1454383563487,2016-02-02-11-26-03am,10906.0
24,1454383563687,2016-02-02-11-26-03am,10576.0
25,1454383563887,2016-02-02-11-26-03am,10971.0
26,1454383564094,2016-02-02-11-26-04am,10801.0
27,1454383564287,2016-02-02-11-26-04am,10956.0
28,1454383564487,2016-02-02-11-26-04am,10966.0
29,1454383564687,2016-02-02-11-26-04am,11091.0
30,1454383564887,2016-02-02-11-26-04am,11841.0
31,1454383565090,2016-02-02-11-26-05am,11566.0
32,1454383565287,2016-02-02-11-26-05am,11416.0
33,1454383565487,2016-02-02-11-26-05am,10921.0
34,1454383565687,2016-02-02-11-26-05am,11266.0
35,1454383565887,2016-02-02-11-26-05am,11311.0
36,1454383566087,2016-02-02-11-26-06am,11461.0
37,1454383566297,2016-02-02-11-26-06am,10901.0
38,1454383566487,2016-02-02-11-26-06am,10821.0
39,1454383566687,2016-02-02-11-26-06am,10306.0
40,1454383566887,2016-02-02-11-26-06am,9526.0
41,1454383567087,2016-02-02-11-26-07am,9396.0
42,1454383567287,2016-02-02-11-26-07am,9901.0
43,1454383567487,2016-02-02-11-26-07am,10161.0
44,1454383567687,2016-02-02-11-26-07am,9481.0
45,1454383567887,2016-02-02-11-26-07am,10031.0
46,1454383568087,2016-02-02-11-26-08am,11111.0
47,1454383568287,2016-02-02-11-26-08am,11566.0
48,1454383568487,2016-02-02-11-26-08am,13216.0
49,1454383568687,2016-02-02-11-26-08am,13051.0
50,1454383568887,2016-02-02-11-26-08am,13336.0
51,1454383569087,2016-02-02-11-26-09am,13051.0
52,1454383569287,2016-02-02-11-26-09am,11981.0
53,1454383569487,2016-02-02-11-26-09am,12136.0
54,1454383569687,2016-02-02-11-26-09am,11796.0
55,1454383569887,2016-02-02-11-26-09am,10366.0
56,1454383570087,2016-02-02-11-26-10am,8846.0
57,1454383570287,2016-02-02-11-26-10am,7171.0
58,1454383570487,2016-02-02-11-26-10am,6206.0
59,1454383570687,2016-02-02-11-26-10am,5696.0
60,1454383570887,2016-02-02-11-26-10am,3796.0
61,1454383571087,2016-02-02-11-26-11am,3156.0
62,1454383571287,2016-02-02-11-26-11am,3086.0
63,1454383571487,2016-02-02-11-26-11am,3996.0
64,1454383571687,2016-02-02-11-26-11am,3171.0
65,1454383571887,2016-02-02-11-26-11am,2906.0
66,1454383572087,2016-02-02-11-26-12am,2976.0
67,1454383572287,2016-02-02-11-26-12am,2871.0
68,1454383572498,2016-02-02-11-26-12am,2996.0
69,1454383572687,2016-02-02-11-26-12am,2841.0
70,1454383572887,2016-02-02-11-26-12am,2811.0
71,1454383573096,2016-02-02-11-26-13am,2786.0
72,1454383573287,2016-02-02-11-26-13am,2741.0
73,1454383573487,2016-02-02-11-26-13am,3266.0
74,1454383573687,2016-02-02-11-26-13am,3171.0
75,1454383573889,2016-02-02-11-26-13am,2951.0
76,1454383574087,2016-02-02-11-26-14am,3111.0
77,1454383574287,2016-02-02-11-26-14am,3106.0
78,1454383574487,2016-02-02-11-26-14am,3696.0
79,1454383574687,2016-02-02-11-26-14am,3846.0
80,1454383574887,2016-02-02-11-26-14am,3771.0
81,1454383575087,2016-02-02-11-26-15am,3546.0
82,1454383575287,2016-02-02-11-26-15am,5096.0
83,1454383575487,2016-02-02-11-26-15am,6146.0
84,1454383575687,2016-02-02-11-26-15am,7651.0
85,1454383575887,2016-02-02-11-26-15am,6211.0
86,1454383576087,2016-02-02-11-26-16am,8181.0
87,1454383576287,2016-02-02-11-26-16am,6781.0
88,1454383576487,2016-02-02-11-26-16am,4551.0
89,1454383576687,2016-02-02-11-26-16am,4421.0
90,1454383576887,2016-02-02-11-26-16am,4721.0
91,1454383577089,2016-02-02-11-26-17am,2946.0
92,1454383577287,2016-02-02-11-26-17am,2891.0
93,1454383577487,2016-02-02-11-26-17am,2776.0
94,1454383577687,2016-02-02-11-26-17am,3061.0
95,1454383577887,2016-02-02-11-26-17am,3711.0
96,1454383578087,2016-02-02-11-26-18am,3071.0
97,1454383578287,2016-02-02-11-26-18am,3666.0
98,1454383578487,2016-02-02-11-26-18am,3781.0
99,1454383578687,2016-02-02-11-26-18am,4366.0
100,1454383578887,2016-02-02-11-26-18am,5191.0
101,1454383579087,2016-02-02-11-26-19am,5931.0
102,1454383579287,2016-02-02-11-26-19am,12091.0
103,1454383579487,2016-02-02-11-26-19am,19266.0
104,1454383579687,2016-02-02-11-26-19am,20011.0
105,1454383579889,2016-02-02-11-26-19am,17926.0
106,1454383580088,2016-02-02-11-26-20am,16956.0
107,1454383580307,2016-02-02-11-26-20am,16006.0
108,1454383580487,2016-02-02-11-26-20am,16051.0
109,1454383580689,2016-02-02-11-26-20am,16396.0
110,1454383580887,2016-02-02-11-26-20am,20296.0
111,1454383581090,2016-02-02-11-26-21am,22036.0
112,1454383581287,2016-02-02-11-26-21am,21186.0
113,1454383581493,2016-02-02-11-26-21am,21406.0
114,1454383581687,2016-02-02-11-26-21am,21401.0
115,1454383581889,2016-02-02-11-26-21am,21061.0
116,1454383582087,2016-02-02-11-26-22am,20256.0
117,1454383582287,2016-02-02-11-26-22am,21211.0
118,1454383582489,2016-02-02-11-26-22am,22281.0
119,1454383582687,2016-02-02-11-26-22am,20266.0
120,1454383582887,2016-02-02-11-26-22am,21626.0
121,1454383583093,2016-02-02-11-26-23am,20536.0
122,1454383583287,2016-02-02-11-26-23am,19151.0
123,1454383583487,2016-02-02-11-26-23am,19706.0
124,1454383583688,2016-02-02-11-26-23am,19266.0
125,1454383583887,2016-02-02-11-26-23am,17466.0
126,1454383584089,2016-02-02-11-26-24am,18016.0
127,1454383584287,2016-02-02-11-26-24am,23271.0
128,1454383584487,2016-02-02-11-26-24am,18266.0
129,1454383584687,2016-02-02-11-26-24am,14291.0
130,1454383584887,2016-02-02-11-26-24am,12501.0
131,1454383585087,2016-02-02-11-26-25am,12576.0
132,1454383585287,2016-02-02-11-26-25am,12526.0
133,1454383585487,2016-02-02-11-26-25am,12546.0
134,1454383585688,2016-02-02-11-26-25am,11786.0
135,1454383585887,2016-02-02-11-26-25am,10596.0
136,1454383586087,2016-02-02-11-26-26am,9986.0
137,1454383586287,2016-02-02-11-26-26am,9291.0
138,1454383586487,2016-02-02-11-26-26am,9911.0
139,1454383586687,2016-02-02-11-26-26am,9676.0
140,1454383586887,2016-02-02-11-26-26am,11051.0
141,1454383587087,2016-02-02-11-26-27am,10086.0
142,1454383587287,2016-02-02-11-26-27am,9361.0
143,1454383587487,2016-02-02-11-26-27am,9456.0
144,1454383587687,2016-02-02-11-26-27am,9141.0
145,1454383587887,2016-02-02-11-26-27am,8736.0
146,1454383588087,2016-02-02-11-26-28am,8741.0
147,1454383588287,2016-02-02-11-26-28am,9576.0
148,1454383588487,2016-02-02-11-26-28am,11606.0
149,1454383588687,2016-02-02-11-26-28am,12576.0
150,1454383588887,2016-02-02-11-26-28am,11421.0
151,1454383589087,2016-02-02-11-26-29am,15166.0
152,1454383589287,2016-02-02-11-26-29am,19001.0
153,1454383589487,2016-02-02-11-26-29am,9351.0
154,1454383589688,2016-02-02-11-26-29am,23891.0
155,1454383589887,2016-02-02-11-26-29am,17056.0
156,1454383590087,2016-02-02-11-26-30am,20671.0
157,1454383590287,2016-02-02-11-26-30am,21511.0
158,1454383590487,2016-02-02-11-26-30am,18061.0
159,1454383590687,2016-02-02-11-26-30am,21046.0
160,1454383590887,2016-02-02-11-26-30am,18311.0
161,1454383591087,2016-02-02-11-26-31am,19106.0
162,1454383591287,2016-02-02-11-26-31am,40241.0
163,1454383591487,2016-02-02-11-26-31am,43656.0
164,1454383591689,2016-02-02-11-26-31am,40271.0
165,1454383591887,2016-02-02-11-26-31am,41781.0
166,1454383592089,2016-02-02-11-26-32am,114321.0
167,1454383592289,2016-02-02-11-26-32am,115556.0
168,1454383592489,2016-02-02-11-26-32am,81106.0
169,1454383592687,2016-02-02-11-26-32am,39876.0
170,1454383592887,2016-02-02-11-26-32am,39916.0
171,1454383593089,2016-02-02-11-26-33am,75851.0
172,1454383593287,2016-02-02-11-26-33am,55106.0
173,1454383593489,2016-02-02-11-26-33am,101266.0
174,1454383593687,2016-02-02-11-26-33am,117756.0
175,1454383593889,2016-02-02-11-26-33am,48631.0
176,1454383594087,2016-02-02-11-26-34am,125171.0
177,1454383594290,2016-02-02-11-26-34am,120906.0
178,1454383594487,2016-02-02-11-26-34am,119126.0
179,1454383594687,2016-02-02-11-26-34am,46976.0
180,1454383594887,2016-02-02-11-26-34am,42691.0
181,1454383595087,2016-02-02-11-26-35am,48546.0
182,1454383595287,2016-02-02-11-26-35am,111991.0
183,1454383595488,2016-02-02-11-26-35am,113041.0
184,1454383595687,2016-02-02-11-26-35am,48856.0
185,1454383595887,2016-02-02-11-26-35am,41071.0
186,1454383596087,2016-02-02-11-26-36am,47671.0
187,1454383596313,2016-02-02-11-26-36am,102106.0
188,1454383596487,2016-02-02-11-26-36am,107966.0
189,1454383596687,2016-02-02-11-26-36am,49141.0
190,1454383596887,2016-02-02-11-26-36am,46506.0
191,1454383597087,2016-02-02-11-26-37am,46911.0
192,1454383597287,2016-02-02-11-26-37am,105601.0
193,1454383597487,2016-02-02-11-26-37am,113826.0
194,1454383597687,2016-02-02-11-26-37am,45401.0
195,1454383597887,2016-02-02-11-26-37am,44941.0
196,1454383598087,2016-02-02-11-26-38am,44286.0
197,1454383598287,2016-02-02-11-26-38am,79071.0
198,1454383598487,2016-02-02-11-26-38am,128551.0
199,1454383598687,2016-02-02-11-26-38am,134471.0
200,1454383598887,2016-02-02-11-26-38am,48606.0
201,1454383599087,2016-02-02-11-26-39am,104821.0
202,1454383599287,2016-02-02-11-26-39am,147306.0
203,1454383599487,2016-02-02-11-26-39am,140121.0
204,1454383599689,2016-02-02-11-26-39am,134776.0
205,1454383599887,2016-02-02-11-26-39am,125756.0
206,1454383600087,2016-02-02-11-26-40am,119876.0
207,1454383600287,2016-02-02-11-26-40am,120996.0
208,1454383600487,2016-02-02-11-26-40am,123986.0
209,1454383600689,2016-02-02-11-26-40am,129261.0
210,1454383600887,2016-02-02-11-26-40am,117906.0
211,1454383601087,2016-02-02-11-26-41am,71741.0
212,1454383601293,2016-02-02-11-26-41am,127656.0
213,1454383601487,2016-02-02-11-26-41am,129856.0
214,1454383601687,2016-02-02-11-26-41am,138651.0
215,1454383601887,2016-02-02-11-26-41am,138646.0
216,1454383602089,2016-02-02-11-26-42am,140481.0
217,1454383602287,2016-02-02-11-26-42am,139396.0
218,1454383602488,2016-02-02-11-26-42am,144436.0
219,1454383602687,2016-02-02-11-26-42am,146801.0
220,1454383602887,2016-02-02-11-26-42am,149791.0
221,1454383603087,2016-02-02-11-26-43am,143676.0
222,1454383603288,2016-02-02-11-26-43am,145071.0
223,1454383603487,2016-02-02-11-26-43am,148201.0
224,1454383603687,2016-02-02-11-26-43am,152131.0
225,1454383603887,2016-02-02-11-26-43am,153626.0
226,1454383604087,2016-02-02-11-26-44am,146791.0
227,1454383604287,2016-02-02-11-26-44am,132441.0
228,1454383604487,2016-02-02-11-26-44am,129671.0
229,1454383604687,2016-02-02-11-26-44am,129011.0
230,1454383604887,2016-02-02-11-26-44am,106796.0
231,1454383605087,2016-02-02-11-26-45am,107401.0
232,1454383605287,2016-02-02-11-26-45am,109066.0
233,1454383605487,2016-02-02-11-26-45am,119991.0
234,1454383605687,2016-02-02-11-26-45am,111021.0
235,1454383605887,2016-02-02-11-26-45am,126421.0
236,1454383606087,2016-02-02-11-26-46am,132491.0
237,1454383606287,2016-02-02-11-26-46am,132321.0
238,1454383606487,2016-02-02-11-26-46am,141451.0
239,1454383606687,2016-02-02-11-26-46am,140941.0
240,1454383606887,2016-02-02-11-26-46am,141656.0
241,1454383607087,2016-02-02-11-26-47am,144146.0
242,1454383607287,2016-02-02-11-26-47am,133201.0
243,1454383607487,2016-02-02-11-26-47am,129011.0
244,1454383607687,2016-02-02-11-26-47am,128881.0
245,1454383607887,2016-02-02-11-26-47am,123081.0
246,1454383608087,2016-02-02-11-26-48am,116081.0
247,1454383608288,2016-02-02-11-26-48am,29911.0
248,1454383608487,2016-02-02-11-26-48am,80316.0
249,1454383608687,2016-02-02-11-26-48am,117546.0
250,1454383608887,2016-02-02-11-26-48am,126491.0
251,1454383609087,2016-02-02-11-26-49am,133141.0
252,1454383609287,2016-02-02-11-26-49am,129521.0
253,1454383609487,2016-02-02-11-26-49am,125166.0
254,1454383609687,2016-02-02-11-26-49am,114941.0
255,1454383609887,2016-02-02-11-26-49am,56496.0
256,1454383610087,2016-02-02-11-26-50am,43181.0
257,1454383610287,2016-02-02-11-26-50am,36841.0
258,1454383610487,2016-02-02-11-26-50am,35466.0
259,1454383610688,2016-02-02-11-26-50am,32206.0
260,1454383610887,2016-02-02-11-26-50am,31046.0
261,1454383611087,2016-02-02-11-26-51am,29226.0
262,1454383611288,2016-02-02-11-26-51am,26611.0
263,1454383611487,2016-02-02-11-26-51am,21806.0
264,1454383611687,2016-02-02-11-26-51am,17461.0
265,1454383611887,2016-02-02-11-26-51am,17391.0
266,1454383612087,2016-02-02-11-26-52am,13561.0
267,1454383612288,2016-02-02-11-26-52am,13421.0
268,1454383612489,2016-02-02-11-26-52am,10291.0
269,1454383612687,2016-02-02-11-26-52am,11366.0
270,1454383612887,2016-02-02-11-26-52am,10371.0
271,1454383613087,2016-02-02-11-26-53am,8856.0
272,1454383613288,2016-02-02-11-26-53am,7046.0
273,1454383613489,2016-02-02-11-26-53am,8376.0
274,1454383613687,2016-02-02-11-26-53am,8556.0
275,1454383613887,2016-02-02-11-26-53am,6991.0
276,1454383614087,2016-02-02-11-26-54am,8361.0
277,1454383614287,2016-02-02-11-26-54am,7751.0
278,1454383614488,2016-02-02-11-26-54am,6406.0
279,1454383614687,2016-02-02-11-26-54am,6526.0
280,1454383614887,2016-02-02-11-26-54am,6661.0
281,1454383615087,2016-02-02-11-26-55am,10066.0
282,1454383615288,2016-02-02-11-26-55am,14346.0
283,1454383615487,2016-02-02-11-26-55am,15266.0
284,1454383615687,2016-02-02-11-26-55am,15926.0
285,1454383615887,2016-02-02-11-26-55am,15536.0
286,1454383616087,2016-02-02-11-26-56am,16741.0
287,1454383616288,2016-02-02-11-26-56am,19581.0
288,1454383616487,2016-02-02-11-26-56am,18861.0
289,1454383616687,2016-02-02-11-26-56am,19456.0
290,1454383616887,2016-02-02-11-26-56am,21981.0
291,1454383617087,2016-02-02-11-26-57am,24696.0
292,1454383617287,2016-02-02-11-26-57am,28621.0
293,1454383617488,2016-02-02-11-26-57am,26336.0
294,1454383617687,2016-02-02-11-26-57am,24401.0
295,1454383617887,2016-02-02-11-26-57am,25056.0
296,1454383618087,2016-02-02-11-26-58am,21521.0
297,1454383618287,2016-02-02-11-26-58am,21011.0
298,1454383618487,2016-02-02-11-26-58am,20486.0
299,1454383618687,2016-02-02-11-26-58am,20061.0
300,1454383618887,2016-02-02-11-26-58am,24201.0
301,1454383619087,2016-02-02-11-26-59am,23366.0
302,1454383619287,2016-02-02-11-26-59am,23561.0
303,1454383619487,2016-02-02-11-26-59am,23306.0
304,1454383619687,2016-02-02-11-26-59am,21631.0
305,1454383619887,2016-02-02-11-26-59am,19361.0
306,1454383620087,2016-02-02-11-27-00am,24881.0
307,1454383620287,2016-02-02-11-27-00am,29821.0
308,1454383620487,2016-02-02-11-27-00am,27496.0
309,1454383620687,2016-02-02-11-27-00am,24796.0
310,1454383620887,2016-02-02-11-27-00am,28326.0
311,1454383621087,2016-02-02-11-27-01am,28276.0
312,1454383621287,2016-02-02-11-27-01am,27886.0
313,1454383621487,2016-02-02-11-27-01am,25486.0
314,1454383621687,2016-02-02-11-27-01am,23751.0
315,1454383621887,2016-02-02-11-27-01am,23791.0
316,1454383622087,2016-02-02-11-27-02am,25106.0
317,1454383622287,2016-02-02-11-27-02am,24566.0
318,1454383622488,2016-02-02-11-27-02am,22306.0
319,1454383622687,2016-02-02-11-27-02am,21191.0
320,1454383622888,2016-02-02-11-27-02am,19581.0
321,1454383623100,2016-02-02-11-27-03am,19336.0
322,1454383623291,2016-02-02-11-27-03am,19991.0
323,1454383623487,2016-02-02-11-27-03am,18286.0
324,1454383623687,2016-02-02-11-27-03am,15966.0
325,1454383623888,2016-02-02-11-27-03am,14481.0
326,1454383624093,2016-02-02-11-27-04am,15281.0
327,1454383624292,2016-02-02-11-27-04am,15086.0
328,1454383624487,2016-02-02-11-27-04am,13521.0
329,1454383624695,2016-02-02-11-27-04am,13776.0
330,1454383624894,2016-02-02-11-27-04am,12761.0
331,1454383625087,2016-02-02-11-27-05am,12106.0
332,1454383625289,2016-02-02-11-27-05am,13131.0
333,1454383625487,2016-02-02-11-27-05am,13411.0
334,1454383625688,2016-02-02-11-27-05am,10536.0
335,1454383625887,2016-02-02-11-27-05am,9721.0
336,1454383626090,2016-02-02-11-27-06am,10246.0
337,1454383626287,2016-02-02-11-27-06am,10026.0
338,1454383626493,2016-02-02-11-27-06am,9796.0
339,1454383626690,2016-02-02-11-27-06am,9231.0
340,1454383626887,2016-02-02-11-27-06am,8661.0
341,1454383627088,2016-02-02-11-27-07am,8621.0
342,1454383627288,2016-02-02-11-27-07am,8406.0
343,1454383627487,2016-02-02-11-27-07am,7971.0
344,1454383627687,2016-02-02-11-27-07am,7041.0
345,1454383627887,2016-02-02-11-27-07am,7036.0
346,1454383628087,2016-02-02-11-27-08am,5696.0
347,1454383628287,2016-02-02-11-27-08am,5511.0
348,1454383628487,2016-02-02-11-27-08am,4751.0
349,1454383628687,2016-02-02-11-27-08am,4401.0
350,1454383628887,2016-02-02-11-27-08am,4726.0
351,1454383629087,2016-02-02-11-27-09am,5246.0
352,1454383629287,2016-02-02-11-27-09am,7156.0
353,1454383629487,2016-02-02-11-27-09am,6866.0
354,1454383629690,2016-02-02-11-27-09am,5061.0
355,1454383629887,2016-02-02-11-27-09am,3671.0
356,1454383630087,2016-02-02-11-27-10am,2921.0
357,1454383630287,2016-02-02-11-27-10am,2411.0
358,1454383630487,2016-02-02-11-27-10am,2906.0
359,1454383630698,2016-02-02-11-27-10am,2676.0
360,1454383630903,2016-02-02-11-27-10am,3006.0
361,1454383631087,2016-02-02-11-27-11am,3151.0
362,1454383631291,2016-02-02-11-27-11am,3271.0
363,1454383631488,2016-02-02-11-27-11am,2696.0
364,1454383631689,2016-02-02-11-27-11am,2636.0
365,1454383631889,2016-02-02-11-27-11am,2766.0
366,1454383632087,2016-02-02-11-27-12am,3396.0
367,1454383632287,2016-02-02-11-27-12am,3666.0
368,1454383632487,2016-02-02-11-27-12am,4646.0
369,1454383632687,2016-02-02-11-27-12am,3551.0
370,1454383632888,2016-02-02-11-27-12am,2866.0
371,1454383633087,2016-02-02-11-27-13am,5581.0
372,1454383633287,2016-02-02-11-27-13am,4711.0
373,1454383633487,2016-02-02-11-27-13am,4526.0
374,1454383633698,2016-02-02-11-27-13am,6981.0
375,1454383633888,2016-02-02-11-27-13am,8891.0
376,1454383634089,2016-02-02-11-27-14am,11191.0
377,1454383634289,2016-02-02-11-27-14am,11186.0
378,1454383634487,2016-02-02-11-27-14am,5681.0
379,1454383634687,2016-02-02-11-27-14am,4741.0
380,1454383634890,2016-02-02-11-27-14am,3861.0
381,1454383635099,2016-02-02-11-27-15am,3266.0
382,1454383635291,2016-02-02-11-27-15am,3091.0
383,1454383635487,2016-02-02-11-27-15am,2406.0
384,1454383635692,2016-02-02-11-27-15am,2371.0
385,1454383635891,2016-02-02-11-27-15am,2521.0
386,1454383636089,2016-02-02-11-27-16am,2651.0
387,1454383636295,2016-02-02-11-27-16am,2726.0
388,1454383636488,2016-02-02-11-27-16am,2546.0
389,1454383636696,2016-02-02-11-27-16am,2506.0
390,1454383636896,2016-02-02-11-27-16am,2526.0
391,1454383637097,2016-02-02-11-27-17am,2651.0
392,1454383637297,2016-02-02-11-27-17am,2776.0
393,1454383637488,2016-02-02-11-27-17am,2641.0
394,1454383637695,2016-02-02-11-27-17am,2661.0
395,1454383637888,2016-02-02-11-27-17am,2746.0
396,1454383638087,2016-02-02-11-27-18am,2781.0
397,1454383638336,2016-02-02-11-27-18am,2776.0
398,1454383638487,2016-02-02-11-27-18am,2676.0
399,1454383638687,2016-02-02-11-27-18am,2706.0
400,1454383638902,2016-02-02-11-27-18am,2891.0
401,1454383639087,2016-02-02-11-27-19am,2781.0
402,1454383639289,2016-02-02-11-27-19am,2831.0
403,1454383639490,2016-02-02-11-27-19am,2686.0
404,1454383639687,2016-02-02-11-27-19am,2691.0
405,1454383639896,2016-02-02-11-27-19am,2751.0
406,1454383640087,2016-02-02-11-27-20am,2866.0
407,1454383640287,2016-02-02-11-27-20am,2926.0
408,1454383640487,2016-02-02-11-27-20am,2896.0
409,1454383640687,2016-02-02-11-27-20am,2871.0
410,1454383640887,2016-02-02-11-27-20am,2991.0
411,1454383641098,2016-02-02-11-27-21am,2946.0
412,1454383641295,2016-02-02-11-27-21am,3086.0
413,1454383641487,2016-02-02-11-27-21am,3046.0
414,1454383641687,2016-02-02-11-27-21am,3011.0
415,1454383642100,2016-02-02-11-27-22am,3046.0
416,1454383642287,2016-02-02-11-27-22am,3196.0
417,1454383642488,2016-02-02-11-27-22am,3211.0
418,1454383642688,2016-02-02-11-27-22am,3131.0
419,1454383642888,2016-02-02-11-27-22am,3141.0
420,1454383643303,2016-02-02-11-27-23am,2786.0
421,1454383643687,2016-02-02-11-27-23am,2921.0
422,1454383643891,2016-02-02-11-27-23am,2536.0
423,1454383644291,2016-02-02-11-27-24am,2656.0
424,1454383644489,2016-02-02-11-27-24am,2521.0
425,1454383644687,2016-02-02-11-27-24am,2436.0
426,1454383644887,2016-02-02-11-27-24am,2431.0
427,1454383645088,2016-02-02-11-27-25am,2346.0
428,1454383645287,2016-02-02-11-27-25am,2606.0
429,1454383645487,2016-02-02-11-27-25am,2441.0
430,1454383645687,2016-02-02-11-27-25am,2386.0
431,1454383645888,2016-02-02-11-27-25am,2261.0
432,1454383646087,2016-02-02-11-27-26am,2231.0
433,1454383646487,2016-02-02-11-27-26am,2116.0
434,1454383646689,2016-02-02-11-27-26am,2041.0
435,1454383646887,2016-02-02-11-27-26am,2036.0
436,1454383647096,2016-02-02-11-27-27am,2026.0
437,1454383647291,2016-02-02-11-27-27am,2106.0
438,1454383647487,2016-02-02-11-27-27am,2186.0
439,1454383647691,2016-02-02-11-27-27am,2166.0
440,1454383647887,2016-02-02-11-27-27am,2096.0
441,1454383648088,2016-02-02-11-27-28am,2141.0
442,1454383648299,2016-02-02-11-27-28am,2216.0
443,1454383648497,2016-02-02-11-27-28am,2226.0
444,1454383648687,2016-02-02-11-27-28am,2086.0
445,1454383648887,2016-02-02-11-27-28am,2236.0
446,1454383649102,2016-02-02-11-27-29am,2291.0
447,1454383649304,2016-02-02-11-27-29am,2346.0
448,1454383649501,2016-02-02-11-27-29am,2426.0
449,1454383649695,2016-02-02-11-27-29am,2296.0
450,1454383649897,2016-02-02-11-27-29am,2326.0
451,1454383650101,2016-02-02-11-27-30am,2391.0
452,1454383650288,2016-02-02-11-27-30am,2366.0
453,1454383650500,2016-02-02-11-27-30am,2581.0
454,1454383650697,2016-02-02-11-27-30am,2486.0
455,1454383650887,2016-02-02-11-27-30am,2331.0
456,1454383651087,2016-02-02-11-27-31am,2446.0
457,1454383651288,2016-02-02-11-27-31am,2401.0
458,1454383651487,2016-02-02-11-27-31am,3046.0
459,1454383651699,2016-02-02-11-27-31am,2706.0
460,1454383651887,2016-02-02-11-27-31am,3336.0
461,1454383652098,2016-02-02-11-27-32am,2601.0
462,1454383652287,2016-02-02-11-27-32am,2391.0
463,1454383652488,2016-02-02-11-27-32am,2876.0
464,1454383652687,2016-02-02-11-27-32am,2561.0
465,1454383652887,2016-02-02-11-27-32am,2326.0
466,1454383653088,2016-02-02-11-27-33am,2451.0
467,1454383653293,2016-02-02-11-27-33am,2501.0
468,1454383653491,2016-02-02-11-27-33am,3741.0
469,1454383653695,2016-02-02-11-27-33am,3581.0
470,1454383653895,2016-02-02-11-27-33am,3061.0
471,1454383654087,2016-02-02-11-27-34am,3671.0
472,1454383654294,2016-02-02-11-27-34am,2541.0
473,1454383654494,2016-02-02-11-27-34am,4406.0
474,1454383654697,2016-02-02-11-27-34am,3996.0
475,1454383654897,2016-02-02-11-27-34am,3001.0
476,1454383655087,2016-02-02-11-27-35am,3501.0
477,1454383655294,2016-02-02-11-27-35am,2521.0
478,1454383655497,2016-02-02-11-27-35am,2511.0
479,1454383655696,2016-02-02-11-27-35am,2506.0
480,1454383655897,2016-02-02-11-27-35am,2456.0
481,1454383656087,2016-02-02-11-27-36am,2141.0
482,1454383656288,2016-02-02-11-27-36am,2436.0
483,1454383656491,2016-02-02-11-27-36am,2516.0
484,1454383656689,2016-02-02-11-27-36am,2571.0
485,1454383656887,2016-02-02-11-27-36am,2346.0
486,1454383657087,2016-02-02-11-27-37am,2301.0
487,1454383657289,2016-02-02-11-27-37am,2486.0
488,1454383657488,2016-02-02-11-27-37am,2481.0
489,1454383657688,2016-02-02-11-27-37am,2461.0
490,1454383657887,2016-02-02-11-27-37am,2341.0
491,1454383658087,2016-02-02-11-27-38am,2316.0
492,1454383658293,2016-02-02-11-27-38am,2306.0
493,1454383658690,2016-02-02-11-27-38am,3436.0
494,1454383658887,2016-02-02-11-27-38am,2316.0
495,1454383659088,2016-02-02-11-27-39am,2561.0
496,1454383659288,2016-02-02-11-27-39am,2406.0
497,1454383659487,2016-02-02-11-27-39am,2316.0
498,1454383659688,2016-02-02-11-27-39am,3266.0
499,1454383659889,2016-02-02-11-27-39am,2386.0
500,1454383660093,2016-02-02-11-27-40am,3356.0
501,1454383660291,2016-02-02-11-27-40am,3536.0
502,1454383660492,2016-02-02-11-27-40am,2266.0
503,1454383660693,2016-02-02-11-27-40am,3481.0
504,1454383660890,2016-02-02-11-27-40am,3161.0
505,1454383661096,2016-02-02-11-27-41am,2786.0
506,1454383661293,2016-02-02-11-27-41am,2486.0
507,1454383661494,2016-02-02-11-27-41am,2296.0
508,1454383661696,2016-02-02-11-27-41am,2321.0
509,1454383661897,2016-02-02-11-27-41am,2346.0
510,1454383662087,2016-02-02-11-27-42am,2356.0
511,1454383662287,2016-02-02-11-27-42am,2316.0
512,1454383662495,2016-02-02-11-27-42am,2326.0
513,1454383662888,2016-02-02-11-27-42am,2576.0
514,1454383663087,2016-02-02-11-27-43am,2266.0
515,1454383663287,2016-02-02-11-27-43am,2216.0
516,1454383663487,2016-02-02-11-27-43am,2241.0
517,1454383663687,2016-02-02-11-27-43am,2506.0
518,1454383663889,2016-02-02-11-27-43am,2466.0
519,1454383664087,2016-02-02-11-27-44am,2251.0
520,1454383664287,2016-02-02-11-27-44am,2166.0
521,1454383664487,2016-02-02-11-27-44am,2191.0
522,1454383664688,2016-02-02-11-27-44am,2231.0
523,1454383664887,2016-02-02-11-27-44am,2206.0
524,1454383665090,2016-02-02-11-27-45am,2261.0
525,1454383665296,2016-02-02-11-27-45am,2276.0
526,1454383665490,2016-02-02-11-27-45am,2266.0
527,1454383665687,2016-02-02-11-27-45am,2196.0
528,1454383665905,2016-02-02-11-27-45am,2286.0
529,1454383666087,2016-02-02-11-27-46am,2226.0
530,1454383666289,2016-02-02-11-27-46am,2191.0
531,1454383666496,2016-02-02-11-27-46am,2151.0
532,1454383666708,2016-02-02-11-27-46am,2161.0
533,1454383666894,2016-02-02-11-27-46am,2386.0
534,1454383667092,2016-02-02-11-27-47am,2131.0
535,1454383667287,2016-02-02-11-27-47am,2146.0
536,1454383667488,2016-02-02-11-27-47am,2161.0
537,1454383667688,2016-02-02-11-27-47am,2251.0
538,1454383667895,2016-02-02-11-27-47am,3531.0
539,1454383668097,2016-02-02-11-27-48am,3406.0
540,1454383668298,2016-02-02-11-27-48am,3311.0
541,1454383668487,2016-02-02-11-27-48am,3131.0
542,1454383668695,2016-02-02-11-27-48am,3376.0
543,1454383668890,2016-02-02-11-27-48am,7261.0
544,1454383669088,2016-02-02-11-27-49am,5596.0
545,1454383669287,2016-02-02-11-27-49am,1986.0
546,1454383669487,2016-02-02-11-27-49am,2106.0
547,1454383669687,2016-02-02-11-27-49am,2076.0
548,1454383669891,2016-02-02-11-27-49am,2016.0
549,1454383670087,2016-02-02-11-27-50am,2031.0
550,1454383670289,2016-02-02-11-27-50am,2011.0
551,1454383670490,2016-02-02-11-27-50am,2161.0
552,1454383670691,2016-02-02-11-27-50am,2451.0
553,1454383670891,2016-02-02-11-27-50am,2846.0
554,1454383671091,2016-02-02-11-27-51am,3431.0
555,1454383671287,2016-02-02-11-27-51am,3056.0
556,1454383671489,2016-02-02-11-27-51am,3026.0
557,1454383671689,2016-02-02-11-27-51am,3176.0
558,1454383671889,2016-02-02-11-27-51am,3326.0
559,1454383672092,2016-02-02-11-27-52am,3471.0
560,1454383672287,2016-02-02-11-27-52am,2681.0
561,1454383672494,2016-02-02-11-27-52am,3196.0
562,1454383672701,2016-02-02-11-27-52am,3371.0
563,1454383672894,2016-02-02-11-27-52am,3436.0
564,1454383673087,2016-02-02-11-27-53am,3581.0
565,1454383673292,2016-02-02-11-27-53am,3126.0
566,1454383673487,2016-02-02-11-27-53am,3761.0
567,1454383673704,2016-02-02-11-27-53am,3211.0
568,1454383673896,2016-02-02-11-27-53am,3311.0
569,1454383674087,2016-02-02-11-27-54am,3906.0
570,1454383674288,2016-02-02-11-27-54am,3526.0
571,1454383674488,2016-02-02-11-27-54am,4486.0
572,1454383674707,2016-02-02-11-27-54am,4566.0
573,1454383674888,2016-02-02-11-27-54am,5031.0
574,1454383675088,2016-02-02-11-27-55am,5891.0
575,1454383675299,2016-02-02-11-27-55am,4671.0
576,1454383675487,2016-02-02-11-27-55am,6881.0
577,1454383675691,2016-02-02-11-27-55am,3821.0
578,1454383675888,2016-02-02-11-27-55am,4116.0
579,1454383676087,2016-02-02-11-27-56am,4711.0
580,1454383676289,2016-02-02-11-27-56am,3976.0
581,1454383676487,2016-02-02-11-27-56am,4326.0
582,1454383676688,2016-02-02-11-27-56am,3306.0
583,1454383676887,2016-02-02-11-27-56am,2706.0
584,1454383677089,2016-02-02-11-27-57am,3976.0
585,1454383677288,2016-02-02-11-27-57am,2646.0
586,1454383677493,2016-02-02-11-27-57am,2771.0
587,1454383677687,2016-02-02-11-27-57am,2626.0
588,1454383677887,2016-02-02-11-27-57am,3146.0
589,1454383678090,2016-02-02-11-27-58am,3716.0
590,1454383678293,2016-02-02-11-27-58am,3056.0
591,1454383678492,2016-02-02-11-27-58am,2701.0
592,1454383678690,2016-02-02-11-27-58am,2896.0
593,1454383678892,2016-02-02-11-27-58am,3206.0
594,1454383679093,2016-02-02-11-27-59am,3451.0
595,1454383679295,2016-02-02-11-27-59am,3096.0
596,1454383679494,2016-02-02-11-27-59am,2636.0
597,1454383679687,2016-02-02-11-27-59am,3101.0
598,1454383679887,2016-02-02-11-27-59am,3276.0
599,1454383680127,2016-02-02-11-28-00am,3666.0
600,1454383680294,2016-02-02-11-28-00am,3256.0
601,1454383680487,2016-02-02-11-28-00am,3086.0
602,1454383680687,2016-02-02-11-28-00am,3246.0
603,1454383680887,2016-02-02-11-28-00am,3411.0
604,1454383681087,2016-02-02-11-28-01am,3126.0
605,1454383681290,2016-02-02-11-28-01am,2301.0
606,1454383681487,2016-02-02-11-28-01am,2276.0
607,1454383681687,2016-02-02-11-28-01am,2286.0
608,1454383681887,2016-02-02-11-28-01am,2221.0
609,1454383682098,2016-02-02-11-28-02am,2291.0
610,1454383682287,2016-02-02-11-28-02am,2416.0
611,1454383682487,2016-02-02-11-28-02am,2696.0
612,1454383682687,2016-02-02-11-28-02am,3456.0
613,1454383682889,2016-02-02-11-28-02am,3786.0
614,1454383683089,2016-02-02-11-28-03am,3636.0
615,1454383683289,2016-02-02-11-28-03am,3886.0
616,1454383683489,2016-02-02-11-28-03am,3846.0
617,1454383683688,2016-02-02-11-28-03am,3866.0
618,1454383683891,2016-02-02-11-28-03am,3956.0
619,1454383684087,2016-02-02-11-28-04am,4181.0
620,1454383684287,2016-02-02-11-28-04am,3901.0
621,1454383684487,2016-02-02-11-28-04am,3831.0
622,1454383684701,2016-02-02-11-28-04am,3671.0
623,1454383684890,2016-02-02-11-28-04am,3541.0
624,1454383685099,2016-02-02-11-28-05am,4576.0
625,1454383685287,2016-02-02-11-28-05am,4256.0
626,1454383685487,2016-02-02-11-28-05am,3881.0
627,1454383685689,2016-02-02-11-28-05am,4241.0
628,1454383685892,2016-02-02-11-28-05am,4736.0
629,1454383686087,2016-02-02-11-28-06am,5816.0
630,1454383686294,2016-02-02-11-28-06am,5066.0
631,1454383686504,2016-02-02-11-28-06am,4656.0
632,1454383686695,2016-02-02-11-28-06am,4756.0
633,1454383686887,2016-02-02-11-28-06am,4851.0
634,1454383687088,2016-02-02-11-28-07am,5601.0
635,1454383687287,2016-02-02-11-28-07am,5691.0
636,1454383687489,2016-02-02-11-28-07am,5061.0
637,1454383687687,2016-02-02-11-28-07am,4986.0
638,1454383687887,2016-02-02-11-28-07am,4556.0
639,1454383688087,2016-02-02-11-28-08am,4606.0
640,1454383688287,2016-02-02-11-28-08am,4821.0
641,1454383688487,2016-02-02-11-28-08am,3956.0
642,1454383688689,2016-02-02-11-28-08am,4121.0
643,1454383688887,2016-02-02-11-28-08am,4116.0
644,1454383689087,2016-02-02-11-28-09am,4266.0
645,1454383689287,2016-02-02-11-28-09am,4291.0
646,1454383689487,2016-02-02-11-28-09am,3601.0
647,1454383689687,2016-02-02-11-28-09am,3391.0
648,1454383689900,2016-02-02-11-28-09am,3236.0
649,1454383690087,2016-02-02-11-28-10am,3326.0
650,1454383690288,2016-02-02-11-28-10am,3261.0
651,1454383690487,2016-02-02-11-28-10am,3336.0
652,1454383690702,2016-02-02-11-28-10am,3841.0
653,1454383690892,2016-02-02-11-28-10am,3476.0
654,1454383691093,2016-02-02-11-28-11am,3466.0
655,1454383691299,2016-02-02-11-28-11am,4031.0
656,1454383691487,2016-02-02-11-28-11am,3581.0
657,1454383691701,2016-02-02-11-28-11am,3741.0
658,1454383691895,2016-02-02-11-28-11am,3436.0
659,1454383692100,2016-02-02-11-28-12am,3461.0
660,1454383692288,2016-02-02-11-28-12am,3351.0
661,1454383692504,2016-02-02-11-28-12am,3086.0
662,1454383692687,2016-02-02-11-28-12am,3296.0
663,1454383692887,2016-02-02-11-28-12am,3101.0
664,1454383693087,2016-02-02-11-28-13am,2976.0
665,1454383693288,2016-02-02-11-28-13am,3486.0
666,1454383693487,2016-02-02-11-28-13am,3366.0
667,1454383693696,2016-02-02-11-28-13am,3356.0
668,1454383693887,2016-02-02-11-28-13am,3456.0
669,1454383694088,2016-02-02-11-28-14am,3241.0
670,1454383694287,2016-02-02-11-28-14am,4616.0
671,1454383694487,2016-02-02-11-28-14am,4371.0
672,1454383694687,2016-02-02-11-28-14am,4386.0
673,1454383694899,2016-02-02-11-28-14am,4411.0
674,1454383695087,2016-02-02-11-28-15am,4206.0
675,1454383695287,2016-02-02-11-28-15am,4576.0
676,1454383695487,2016-02-02-11-28-15am,3956.0
677,1454383695688,2016-02-02-11-28-15am,3766.0
678,1454383695887,2016-02-02-11-28-15am,3641.0
679,1454383696088,2016-02-02-11-28-16am,3911.0
680,1454383696290,2016-02-02-11-28-16am,4231.0
681,1454383696489,2016-02-02-11-28-16am,3966.0
682,1454383696691,2016-02-02-11-28-16am,4046.0
683,1454383696887,2016-02-02-11-28-16am,3716.0
684,1454383697100,2016-02-02-11-28-17am,3486.0
685,1454383697287,2016-02-02-11-28-17am,4021.0
686,1454383697491,2016-02-02-11-28-17am,3891.0
687,1454383697690,2016-02-02-11-28-17am,3676.0
688,1454383697891,2016-02-02-11-28-17am,3816.0
689,1454383698087,2016-02-02-11-28-18am,3596.0
690,1454383698297,2016-02-02-11-28-18am,4216.0
691,1454383698491,2016-02-02-11-28-18am,3836.0
692,1454383698697,2016-02-02-11-28-18am,3771.0
693,1454383698897,2016-02-02-11-28-18am,4136.0
694,1454383699087,2016-02-02-11-28-19am,3801.0
695,1454383699287,2016-02-02-11-28-19am,4436.0
696,1454383699488,2016-02-02-11-28-19am,4206.0
697,1454383699690,2016-02-02-11-28-19am,3981.0
698,1454383699890,2016-02-02-11-28-19am,4121.0
699,1454383700087,2016-02-02-11-28-20am,3831.0
700,1454383700287,2016-02-02-11-28-20am,4471.0
701,1454383700490,2016-02-02-11-28-20am,4316.0
702,1454383700691,2016-02-02-11-28-20am,4141.0
703,1454383700887,2016-02-02-11-28-20am,4251.0
704,1454383701087,2016-02-02-11-28-21am,4171.0
705,1454383701304,2016-02-02-11-28-21am,4556.0
706,1454383701487,2016-02-02-11-28-21am,4476.0
707,1454383701694,2016-02-02-11-28-21am,4286.0
708,1454383701894,2016-02-02-11-28-21am,4561.0
709,1454383702087,2016-02-02-11-28-22am,4116.0
710,1454383702287,2016-02-02-11-28-22am,4546.0
711,1454383702487,2016-02-02-11-28-22am,4561.0
712,1454383702702,2016-02-02-11-28-22am,4191.0
713,1454383702891,2016-02-02-11-28-22am,4236.0
714,1454383703090,2016-02-02-11-28-23am,4001.0
715,1454383703292,2016-02-02-11-28-23am,4816.0
716,1454383703493,2016-02-02-11-28-23am,4421.0
717,1454383703693,2016-02-02-11-28-23am,4146.0
718,1454383703887,2016-02-02-11-28-23am,4291.0
719,1454383704094,2016-02-02-11-28-24am,4016.0
720,1454383704293,2016-02-02-11-28-24am,4286.0
721,1454383704493,2016-02-02-11-28-24am,3881.0
722,1454383704693,2016-02-02-11-28-24am,3406.0
723,1454383704896,2016-02-02-11-28-24am,3101.0
724,1454383705097,2016-02-02-11-28-25am,3041.0
725,1454383705297,2016-02-02-11-28-25am,3721.0
726,1454383705495,2016-02-02-11-28-25am,3751.0
727,1454383705688,2016-02-02-11-28-25am,3251.0
728,1454383705888,2016-02-02-11-28-25am,3211.0
729,1454383706088,2016-02-02-11-28-26am,3191.0
730,1454383706287,2016-02-02-11-28-26am,3526.0
731,1454383706487,2016-02-02-11-28-26am,3561.0
732,1454383706704,2016-02-02-11-28-26am,3571.0
733,1454383706887,2016-02-02-11-28-26am,3401.0
734,1454383707087,2016-02-02-11-28-27am,3166.0
735,1454383707287,2016-02-02-11-28-27am,3326.0
736,1454383707487,2016-02-02-11-28-27am,3646.0
737,1454383707688,2016-02-02-11-28-27am,3556.0
738,1454383707887,2016-02-02-11-28-27am,3641.0
739,1454383708087,2016-02-02-11-28-28am,3476.0
740,1454383708287,2016-02-02-11-28-28am,3571.0
741,1454383708487,2016-02-02-11-28-28am,3966.0
742,1454383708687,2016-02-02-11-28-28am,3256.0
743,1454383708887,2016-02-02-11-28-28am,3511.0
744,1454383709090,2016-02-02-11-28-29am,3696.0
745,1454383709291,2016-02-02-11-28-29am,3546.0
746,1454383709490,2016-02-02-11-28-29am,3926.0
747,1454383709701,2016-02-02-11-28-29am,4036.0
748,1454383709887,2016-02-02-11-28-29am,4131.0
749,1454383710091,2016-02-02-11-28-30am,3751.0
750,1454383710293,2016-02-02-11-28-30am,3641.0
751,1454383710500,2016-02-02-11-28-30am,3976.0
752,1454383710693,2016-02-02-11-28-30am,3621.0
753,1454383710896,2016-02-02-11-28-30am,3846.0
754,1454383711095,2016-02-02-11-28-31am,3956.0
755,1454383711287,2016-02-02-11-28-31am,3406.0
756,1454383711495,2016-02-02-11-28-31am,3841.0
757,1454383711687,2016-02-02-11-28-31am,3811.0
758,1454383711888,2016-02-02-11-28-31am,3856.0
759,1454383712088,2016-02-02-11-28-32am,4141.0
760,1454383712295,2016-02-02-11-28-32am,3606.0
761,1454383712489,2016-02-02-11-28-32am,3841.0
762,1454383712687,2016-02-02-11-28-32am,3871.0
763,1454383712888,2016-02-02-11-28-32am,3431.0
764,1454383713087,2016-02-02-11-28-33am,3906.0
765,1454383713287,2016-02-02-11-28-33am,3751.0
766,1454383713488,2016-02-02-11-28-33am,4211.0
767,1454383713687,2016-02-02-11-28-33am,4416.0
768,1454383713888,2016-02-02-11-28-33am,3846.0
769,1454383714087,2016-02-02-11-28-34am,4256.0
770,1454383714289,2016-02-02-11-28-34am,3506.0
771,1454383714487,2016-02-02-11-28-34am,3711.0
772,1454383714688,2016-02-02-11-28-34am,4276.0
773,1454383714889,2016-02-02-11-28-34am,3796.0
774,1454383715089,2016-02-02-11-28-35am,3966.0
775,1454383715292,2016-02-02-11-28-35am,3511.0
776,1454383715487,2016-02-02-11-28-35am,3391.0
777,1454383715692,2016-02-02-11-28-35am,3371.0
778,1454383715891,2016-02-02-11-28-35am,3126.0
779,1454383716092,2016-02-02-11-28-36am,3166.0
780,1454383716292,2016-02-02-11-28-36am,2931.0
781,1454383716487,2016-02-02-11-28-36am,3121.0
782,1454383716737,2016-02-02-11-28-36am,3441.0
783,1454383716892,2016-02-02-11-28-36am,3326.0
784,1454383717288,2016-02-02-11-28-37am,3401.0
785,1454383717495,2016-02-02-11-28-37am,3381.0
786,1454383717690,2016-02-02-11-28-37am,3761.0
787,1454383717887,2016-02-02-11-28-37am,3466.0
788,1454383718088,2016-02-02-11-28-38am,3276.0
789,1454383718287,2016-02-02-11-28-38am,3466.0
790,1454383718489,2016-02-02-11-28-38am,3291.0
791,1454383718690,2016-02-02-11-28-38am,3456.0
792,1454383718887,2016-02-02-11-28-38am,3321.0
793,1454383719087,2016-02-02-11-28-39am,3071.0
794,1454383719287,2016-02-02-11-28-39am,3161.0
795,1454383719487,2016-02-02-11-28-39am,2866.0
796,1454383719687,2016-02-02-11-28-39am,3291.0
797,1454383719887,2016-02-02-11-28-39am,3221.0
798,1454383720093,2016-02-02-11-28-40am,3296.0
799,1454383720287,2016-02-02-11-28-40am,3541.0
800,1454383720487,2016-02-02-11-28-40am,3326.0
801,1454383720687,2016-02-02-11-28-40am,3836.0
802,1454383720889,2016-02-02-11-28-40am,4186.0
803,1454383721092,2016-02-02-11-28-41am,4161.0
804,1454383721291,2016-02-02-11-28-41am,4801.0
805,1454383721489,2016-02-02-11-28-41am,4706.0
806,1454383721688,2016-02-02-11-28-41am,5736.0
807,1454383721890,2016-02-02-11-28-41am,8966.0
808,1454383722093,2016-02-02-11-28-42am,5306.0
809,1454383722293,2016-02-02-11-28-42am,7261.0
810,1454383722494,2016-02-02-11-28-42am,15401.0
811,1454383722696,2016-02-02-11-28-42am,13246.0
812,1454383722887,2016-02-02-11-28-42am,25411.0
813,1454383723105,2016-02-02-11-28-43am,8126.0
814,1454383723297,2016-02-02-11-28-43am,8181.0
815,1454383723487,2016-02-02-11-28-43am,8901.0
816,1454383723694,2016-02-02-11-28-43am,22931.0
817,1454383723897,2016-02-02-11-28-43am,29551.0
818,1454383724088,2016-02-02-11-28-44am,17636.0
819,1454383724288,2016-02-02-11-28-44am,7266.0
820,1454383724488,2016-02-02-11-28-44am,21356.0
821,1454383724688,2016-02-02-11-28-44am,23536.0
822,1454383724895,2016-02-02-11-28-44am,10371.0
823,1454383725094,2016-02-02-11-28-45am,23136.0
824,1454383725287,2016-02-02-11-28-45am,12131.0
825,1454383725488,2016-02-02-11-28-45am,16226.0
826,1454383725687,2016-02-02-11-28-45am,16891.0
827,1454383725900,2016-02-02-11-28-45am,20891.0
828,1454383726087,2016-02-02-11-28-46am,16916.0
829,1454383726288,2016-02-02-11-28-46am,7521.0
830,1454383726487,2016-02-02-11-28-46am,4096.0
831,1454383726690,2016-02-02-11-28-46am,4266.0
832,1454383726889,2016-02-02-11-28-46am,6041.0
833,1454383727089,2016-02-02-11-28-47am,9821.0
834,1454383727290,2016-02-02-11-28-47am,7766.0
835,1454383727487,2016-02-02-11-28-47am,6806.0
836,1454383727691,2016-02-02-11-28-47am,4886.0
837,1454383727892,2016-02-02-11-28-47am,8571.0
838,1454383728092,2016-02-02-11-28-48am,9006.0
839,1454383728287,2016-02-02-11-28-48am,5086.0
840,1454383728487,2016-02-02-11-28-48am,7211.0
841,1454383728697,2016-02-02-11-28-48am,5536.0
842,1454383728894,2016-02-02-11-28-48am,6871.0
843,1454383729093,2016-02-02-11-28-49am,7631.0
844,1454383729295,2016-02-02-11-28-49am,4381.0
845,1454383729492,2016-02-02-11-28-49am,4376.0
846,1454383729687,2016-02-02-11-28-49am,5911.0
847,1454383729888,2016-02-02-11-28-49am,9326.0
848,1454383730097,2016-02-02-11-28-50am,10316.0
849,1454383730287,2016-02-02-11-28-50am,4826.0
850,1454383730489,2016-02-02-11-28-50am,5666.0
851,1454383730688,2016-02-02-11-28-50am,13996.0
852,1454383730888,2016-02-02-11-28-50am,23096.0
853,1454383731087,2016-02-02-11-28-51am,22701.0
854,1454383731287,2016-02-02-11-28-51am,6771.0
855,1454383731487,2016-02-02-11-28-51am,10846.0
856,1454383731692,2016-02-02-11-28-51am,22286.0
857,1454383731895,2016-02-02-11-28-51am,28081.0
858,1454383732087,2016-02-02-11-28-52am,11151.0
859,1454383732287,2016-02-02-11-28-52am,20881.0
860,1454383732493,2016-02-02-11-28-52am,16846.0
861,1454383732688,2016-02-02-11-28-52am,13931.0
862,1454383732887,2016-02-02-11-28-52am,15946.0
863,1454383733090,2016-02-02-11-28-53am,13416.0
864,1454383733288,2016-02-02-11-28-53am,8286.0
865,1454383733489,2016-02-02-11-28-53am,6441.0
866,1454383733690,2016-02-02-11-28-53am,5846.0
867,1454383733887,2016-02-02-11-28-53am,4231.0
868,1454383734092,2016-02-02-11-28-54am,11936.0
869,1454383734289,2016-02-02-11-28-54am,7861.0
870,1454383734490,2016-02-02-11-28-54am,5251.0
871,1454383734693,2016-02-02-11-28-54am,5621.0
872,1454383734892,2016-02-02-11-28-54am,11141.0
873,1454383735100,2016-02-02-11-28-55am,10016.0
874,1454383735294,2016-02-02-11-28-55am,8971.0
875,1454383735495,2016-02-02-11-28-55am,5661.0
876,1454383735687,2016-02-02-11-28-55am,4636.0
877,1454383735895,2016-02-02-11-28-55am,5351.0
878,1454383736095,2016-02-02-11-28-56am,7036.0
879,1454383736295,2016-02-02-11-28-56am,6166.0
880,1454383736489,2016-02-02-11-28-56am,4416.0
881,1454383736687,2016-02-02-11-28-56am,4951.0
882,1454383736887,2016-02-02-11-28-56am,6146.0
883,1454383737087,2016-02-02-11-28-57am,6686.0
884,1454383737287,2016-02-02-11-28-57am,6501.0
885,1454383737487,2016-02-02-11-28-57am,4621.0
886,1454383737687,2016-02-02-11-28-57am,4571.0
887,1454383737887,2016-02-02-11-28-57am,4966.0
888,1454383738088,2016-02-02-11-28-58am,5341.0
889,1454383738287,2016-02-02-11-28-58am,6351.0
890,1454383738487,2016-02-02-11-28-58am,4841.0
891,1454383738688,2016-02-02-11-28-58am,4426.0
892,1454383738893,2016-02-02-11-28-58am,5056.0
893,1454383739094,2016-02-02-11-28-59am,4611.0
894,1454383739287,2016-02-02-11-28-59am,4861.0
895,1454383739487,2016-02-02-11-28-59am,4081.0
896,1454383739692,2016-02-02-11-28-59am,3961.0
897,1454383739889,2016-02-02-11-28-59am,3696.0
898,1454383740087,2016-02-02-11-29-00am,3941.0
899,1454383740287,2016-02-02-11-29-00am,5021.0
900,1454383740495,2016-02-02-11-29-00am,4986.0
901,1454383740687,2016-02-02-11-29-00am,3406.0
902,1454383740895,2016-02-02-11-29-00am,4731.0
903,1454383741097,2016-02-02-11-29-01am,4316.0
904,1454383741295,2016-02-02-11-29-01am,3981.0
905,1454383741496,2016-02-02-11-29-01am,4831.0
906,1454383741687,2016-02-02-11-29-01am,4301.0
907,1454383741902,2016-02-02-11-29-01am,4391.0
908,1454383742095,2016-02-02-11-29-02am,4596.0
909,1454383742297,2016-02-02-11-29-02am,5291.0
910,1454383742494,2016-02-02-11-29-02am,5436.0
911,1454383742688,2016-02-02-11-29-02am,4206.0
912,1454383742888,2016-02-02-11-29-02am,4291.0
913,1454383743088,2016-02-02-11-29-03am,3821.0
914,1454383743292,2016-02-02-11-29-03am,5241.0
915,1454383743487,2016-02-02-11-29-03am,4961.0
916,1454383743690,2016-02-02-11-29-03am,4026.0
917,1454383743887,2016-02-02-11-29-03am,4476.0
918,1454383744087,2016-02-02-11-29-04am,4861.0
919,1454383744292,2016-02-02-11-29-04am,5601.0
920,1454383744487,2016-02-02-11-29-04am,5416.0
921,1454383744687,2016-02-02-11-29-04am,4331.0
922,1454383744887,2016-02-02-11-29-04am,3796.0
923,1454383745087,2016-02-02-11-29-05am,4856.0
924,1454383745287,2016-02-02-11-29-05am,5491.0
925,1454383745489,2016-02-02-11-29-05am,5631.0
926,1454383745688,2016-02-02-11-29-05am,4296.0
927,1454383745891,2016-02-02-11-29-05am,4306.0
928,1454383746089,2016-02-02-11-29-06am,4911.0
929,1454383746291,2016-02-02-11-29-06am,5276.0
930,1454383746487,2016-02-02-11-29-06am,5636.0
931,1454383746687,2016-02-02-11-29-06am,3536.0
932,1454383746887,2016-02-02-11-29-06am,4076.0
933,1454383747096,2016-02-02-11-29-07am,4576.0
934,1454383747292,2016-02-02-11-29-07am,4961.0
935,1454383747495,2016-02-02-11-29-07am,4971.0
936,1454383747695,2016-02-02-11-29-07am,4061.0
937,1454383747895,2016-02-02-11-29-07am,4401.0
938,1454383748103,2016-02-02-11-29-08am,4341.0
939,1454383748290,2016-02-02-11-29-08am,4641.0
940,1454383748497,2016-02-02-11-29-08am,4636.0
941,1454383748696,2016-02-02-11-29-08am,3976.0
942,1454383748888,2016-02-02-11-29-08am,3946.0
943,1454383749088,2016-02-02-11-29-09am,4221.0
944,1454383749287,2016-02-02-11-29-09am,4326.0
945,1454383749494,2016-02-02-11-29-09am,5491.0
946,1454383749687,2016-02-02-11-29-09am,4366.0
947,1454383749887,2016-02-02-11-29-09am,4221.0
948,1454383750087,2016-02-02-11-29-10am,4321.0
949,1454383750287,2016-02-02-11-29-10am,3881.0
950,1454383750492,2016-02-02-11-29-10am,5496.0
951,1454383750687,2016-02-02-11-29-10am,5681.0
952,1454383750900,2016-02-02-11-29-10am,4131.0
953,1454383751087,2016-02-02-11-29-11am,5196.0
954,1454383751287,2016-02-02-11-29-11am,6896.0
955,1454383751491,2016-02-02-11-29-11am,9606.0
956,1454383751687,2016-02-02-11-29-11am,8151.0
957,1454383751887,2016-02-02-11-29-11am,4451.0
958,1454383752103,2016-02-02-11-29-12am,3886.0
959,1454383752287,2016-02-02-11-29-12am,6366.0
960,1454383752499,2016-02-02-11-29-12am,6656.0
961,1454383752692,2016-02-02-11-29-12am,5576.0
962,1454383752901,2016-02-02-11-29-12am,3801.0
963,1454383753107,2016-02-02-11-29-13am,4081.0
964,1454383753287,2016-02-02-11-29-13am,4526.0
965,1454383753487,2016-02-02-11-29-13am,4491.0
966,1454383753703,2016-02-02-11-29-13am,8566.0
967,1454383753890,2016-02-02-11-29-13am,3606.0
968,1454383754101,2016-02-02-11-29-14am,6116.0
969,1454383754297,2016-02-02-11-29-14am,3716.0
970,1454383754496,2016-02-02-11-29-14am,3251.0
971,1454383754687,2016-02-02-11-29-14am,4301.0
972,1454383754887,2016-02-02-11-29-14am,3696.0
973,1454383755105,2016-02-02-11-29-15am,3436.0
974,1454383755287,2016-02-02-11-29-15am,2956.0
975,1454383755490,2016-02-02-11-29-15am,3076.0
976,1454383755689,2016-02-02-11-29-15am,3116.0
977,1454383755887,2016-02-02-11-29-15am,2961.0
978,1454383756087,2016-02-02-11-29-16am,3061.0
979,1454383756294,2016-02-02-11-29-16am,2881.0
980,1454383756487,2016-02-02-11-29-16am,3001.0
981,1454383756705,2016-02-02-11-29-16am,3111.0
982,1454383756887,2016-02-02-11-29-16am,2971.0
983,1454383757087,2016-02-02-11-29-17am,2866.0
984,1454383757287,2016-02-02-11-29-17am,2801.0
985,1454383757501,2016-02-02-11-29-17am,2766.0
986,1454383757687,2016-02-02-11-29-17am,2696.0
987,1454383757895,2016-02-02-11-29-17am,2916.0
988,1454383758093,2016-02-02-11-29-18am,3026.0
989,1454383758287,2016-02-02-11-29-18am,2861.0
990,1454383758490,2016-02-02-11-29-18am,3026.0
991,1454383758687,2016-02-02-11-29-18am,3001.0
992,1454383758893,2016-02-02-11-29-18am,2946.0
993,1454383759087,2016-02-02-11-29-19am,2956.0
994,1454383759291,2016-02-02-11-29-19am,2846.0
995,1454383759493,2016-02-02-11-29-19am,2776.0
996,1454383759688,2016-02-02-11-29-19am,2961.0
997,1454383759893,2016-02-02-11-29-19am,3076.0
998,1454383760087,2016-02-02-11-29-20am,3166.0
999,1454383760287,2016-02-02-11-29-20am,3146.0
1000,1454383760502,2016-02-02-11-29-20am,3201.0
1001,1454383760699,2016-02-02-11-29-20am,3396.0
1002,1454383760889,2016-02-02-11-29-20am,3391.0
1003,1454383761089,2016-02-02-11-29-21am,3266.0
1004,1454383761287,2016-02-02-11-29-21am,3091.0
1005,1454383761495,2016-02-02-11-29-21am,3231.0
1006,1454383761689,2016-02-02-11-29-21am,3276.0
1007,1454383761887,2016-02-02-11-29-21am,3476.0
1008,1454383762087,2016-02-02-11-29-22am,3406.0
1009,1454383762290,2016-02-02-11-29-22am,3941.0
1010,1454383762487,2016-02-02-11-29-22am,3811.0
1011,1454383762687,2016-02-02-11-29-22am,4636.0
1012,1454383762887,2016-02-02-11-29-22am,6681.0
1013,1454383763087,2016-02-02-11-29-23am,4276.0
1014,1454383763287,2016-02-02-11-29-23am,4586.0
1015,1454383763499,2016-02-02-11-29-23am,4841.0
1016,1454383763687,2016-02-02-11-29-23am,7901.0
1017,1454383763889,2016-02-02-11-29-23am,10041.0
1018,1454383764087,2016-02-02-11-29-24am,5041.0
1019,1454383764290,2016-02-02-11-29-24am,4351.0
1020,1454383764491,2016-02-02-11-29-24am,3796.0
1021,1454383764689,2016-02-02-11-29-24am,6686.0
1022,1454383764887,2016-02-02-11-29-24am,10871.0
1023,1454383765090,2016-02-02-11-29-25am,6431.0
1024,1454383765287,2016-02-02-11-29-25am,3261.0
1025,1454383765492,2016-02-02-11-29-25am,3141.0
1026,1454383765700,2016-02-02-11-29-25am,3136.0
1027,1454383765887,2016-02-02-11-29-25am,2901.0
1028,1454383766093,2016-02-02-11-29-26am,2716.0
1029,1454383766287,2016-02-02-11-29-26am,2821.0
1030,1454383766487,2016-02-02-11-29-26am,2586.0
1031,1454383766724,2016-02-02-11-29-26am,2376.0
1032,1454383767097,2016-02-02-11-29-27am,2541.0
1033,1454383767292,2016-02-02-11-29-27am,2721.0
1034,1454383767488,2016-02-02-11-29-27am,2646.0
1035,1454383767695,2016-02-02-11-29-27am,2631.0
1036,1454383767888,2016-02-02-11-29-27am,2646.0
1037,1454383768089,2016-02-02-11-29-28am,2606.0
1038,1454383768289,2016-02-02-11-29-28am,2641.0
1039,1454383768487,2016-02-02-11-29-28am,2361.0
1040,1454383768692,2016-02-02-11-29-28am,2151.0
1041,1454383768887,2016-02-02-11-29-28am,1791.0
1042,1454383769089,2016-02-02-11-29-29am,1761.0
1043,1454383769287,2016-02-02-11-29-29am,1811.0
1044,1454383769487,2016-02-02-11-29-29am,1791.0
1045,1454383769687,2016-02-02-11-29-29am,1986.0
1046,1454383769887,2016-02-02-11-29-29am,1991.0
1047,1454383770087,2016-02-02-11-29-30am,2496.0
1048,1454383770287,2016-02-02-11-29-30am,2831.0
1049,1454383770487,2016-02-02-11-29-30am,3046.0
1050,1454383770687,2016-02-02-11-29-30am,5716.0
1051,1454383770887,2016-02-02-11-29-30am,9301.0
1052,1454383771103,2016-02-02-11-29-31am,8456.0
1053,1454383771287,2016-02-02-11-29-31am,10106.0
1054,1454383771489,2016-02-02-11-29-31am,15571.0
1055,1454383771691,2016-02-02-11-29-31am,16811.0
1056,1454383771903,2016-02-02-11-29-31am,11396.0
1057,1454383772092,2016-02-02-11-29-32am,14776.0
1058,1454383772294,2016-02-02-11-29-32am,15016.0
1059,1454383772488,2016-02-02-11-29-32am,19631.0
1060,1454383772690,2016-02-02-11-29-32am,16846.0
1061,1454383772893,2016-02-02-11-29-32am,15071.0
1062,1454383773087,2016-02-02-11-29-33am,17021.0
1063,1454383773289,2016-02-02-11-29-33am,19371.0
1064,1454383773487,2016-02-02-11-29-33am,23206.0
1065,1454383773699,2016-02-02-11-29-33am,20266.0
1066,1454383773887,2016-02-02-11-29-33am,19011.0
1067,1454383774089,2016-02-02-11-29-34am,22206.0
1068,1454383774287,2016-02-02-11-29-34am,24526.0
1069,1454383774487,2016-02-02-11-29-34am,25571.0
1070,1454383774687,2016-02-02-11-29-34am,25021.0
1071,1454383774887,2016-02-02-11-29-34am,20626.0
1072,1454383775087,2016-02-02-11-29-35am,25001.0
1073,1454383775289,2016-02-02-11-29-35am,25301.0
1074,1454383775487,2016-02-02-11-29-35am,29286.0
1075,1454383775687,2016-02-02-11-29-35am,29371.0
1076,1454383775887,2016-02-02-11-29-35am,25571.0
1077,1454383776089,2016-02-02-11-29-36am,24906.0
1078,1454383776288,2016-02-02-11-29-36am,27271.0
1079,1454383776489,2016-02-02-11-29-36am,29161.0
1080,1454383776693,2016-02-02-11-29-36am,28231.0
1081,1454383776887,2016-02-02-11-29-36am,24536.0
1082,1454383777090,2016-02-02-11-29-37am,23566.0
1083,1454383777289,2016-02-02-11-29-37am,25741.0
1084,1454383777519,2016-02-02-11-29-37am,27561.0
1085,1454383777688,2016-02-02-11-29-37am,28871.0
1086,1454383777887,2016-02-02-11-29-37am,26361.0
1087,1454383778089,2016-02-02-11-29-38am,26891.0
1088,1454383778287,2016-02-02-11-29-38am,28106.0
1089,1454383778487,2016-02-02-11-29-38am,28421.0
1090,1454383778689,2016-02-02-11-29-38am,29161.0
1091,1454383778887,2016-02-02-11-29-38am,27386.0
1092,1454383779087,2016-02-02-11-29-39am,29001.0
1093,1454383779287,2016-02-02-11-29-39am,29161.0
1094,1454383779487,2016-02-02-11-29-39am,28571.0
1095,1454383779687,2016-02-02-11-29-39am,26021.0
1096,1454383779887,2016-02-02-11-29-39am,25271.0
1097,1454383780087,2016-02-02-11-29-40am,23376.0
1098,1454383780288,2016-02-02-11-29-40am,21936.0
1099,1454383780487,2016-02-02-11-29-40am,21491.0
1100,1454383780687,2016-02-02-11-29-40am,20546.0
1101,1454383780888,2016-02-02-11-29-40am,18976.0
1102,1454383781087,2016-02-02-11-29-41am,18316.0
1103,1454383781287,2016-02-02-11-29-41am,19681.0
1104,1454383781487,2016-02-02-11-29-41am,21891.0
1105,1454383781687,2016-02-02-11-29-41am,21781.0
1106,1454383781887,2016-02-02-11-29-41am,20551.0
1107,1454383782087,2016-02-02-11-29-42am,19311.0
1108,1454383782288,2016-02-02-11-29-42am,18826.0
1109,1454383782487,2016-02-02-11-29-42am,19211.0
1110,1454383782689,2016-02-02-11-29-42am,19206.0
1111,1454383782899,2016-02-02-11-29-42am,18516.0
1112,1454383783089,2016-02-02-11-29-43am,17911.0
1113,1454383783290,2016-02-02-11-29-43am,18356.0
1114,1454383783497,2016-02-02-11-29-43am,18866.0
1115,1454383783687,2016-02-02-11-29-43am,19236.0
1116,1454383783901,2016-02-02-11-29-43am,17336.0
1117,1454383784089,2016-02-02-11-29-44am,16706.0
1118,1454383784287,2016-02-02-11-29-44am,18506.0
1119,1454383784487,2016-02-02-11-29-44am,19831.0
1120,1454383784687,2016-02-02-11-29-44am,22516.0
1121,1454383784887,2016-02-02-11-29-44am,19896.0
1122,1454383785087,2016-02-02-11-29-45am,19306.0
1123,1454383785287,2016-02-02-11-29-45am,20556.0
1124,1454383785487,2016-02-02-11-29-45am,23531.0
1125,1454383785688,2016-02-02-11-29-45am,25996.0
1126,1454383785887,2016-02-02-11-29-45am,23676.0
1127,1454383786087,2016-02-02-11-29-46am,23661.0
1128,1454383786288,2016-02-02-11-29-46am,25781.0
1129,1454383786489,2016-02-02-11-29-46am,26256.0
1130,1454383786687,2016-02-02-11-29-46am,28026.0
1131,1454383786887,2016-02-02-11-29-46am,26536.0
1132,1454383787087,2016-02-02-11-29-47am,26391.0
1133,1454383787287,2016-02-02-11-29-47am,27681.0
1134,1454383787487,2016-02-02-11-29-47am,25696.0
1135,1454383787687,2016-02-02-11-29-47am,26496.0
1136,1454383787887,2016-02-02-11-29-47am,25486.0
1137,1454383788087,2016-02-02-11-29-48am,24041.0
1138,1454383788287,2016-02-02-11-29-48am,25156.0
1139,1454383788488,2016-02-02-11-29-48am,25611.0
1140,1454383788687,2016-02-02-11-29-48am,26716.0
1141,1454383788887,2016-02-02-11-29-48am,26626.0
1142,1454383789087,2016-02-02-11-29-49am,25076.0
1143,1454383789287,2016-02-02-11-29-49am,27066.0
1144,1454383789487,2016-02-02-11-29-49am,27686.0
1145,1454383789687,2016-02-02-11-29-49am,28991.0
1146,1454383789887,2016-02-02-11-29-49am,28951.0
1147,1454383790087,2016-02-02-11-29-50am,27431.0
1148,1454383790287,2016-02-02-11-29-50am,27731.0
1149,1454383790487,2016-02-02-11-29-50am,28726.0
1150,1454383790687,2016-02-02-11-29-50am,30201.0
1151,1454383790887,2016-02-02-11-29-50am,30251.0
1152,1454383791089,2016-02-02-11-29-51am,28226.0
1153,1454383791287,2016-02-02-11-29-51am,28561.0
1154,1454383791487,2016-02-02-11-29-51am,29106.0
1155,1454383791687,2016-02-02-11-29-51am,29886.0
1156,1454383791888,2016-02-02-11-29-51am,30126.0
1157,1454383792087,2016-02-02-11-29-52am,28676.0
1158,1454383792287,2016-02-02-11-29-52am,28831.0
1159,1454383792487,2016-02-02-11-29-52am,28471.0
1160,1454383792687,2016-02-02-11-29-52am,28776.0
1161,1454383792887,2016-02-02-11-29-52am,28566.0
1162,1454383793087,2016-02-02-11-29-53am,27956.0
1163,1454383793287,2016-02-02-11-29-53am,26936.0
1164,1454383793487,2016-02-02-11-29-53am,24961.0
1165,1454383793687,2016-02-02-11-29-53am,24351.0
1166,1454383793888,2016-02-02-11-29-53am,24506.0
1167,1454383794087,2016-02-02-11-29-54am,24866.0
1168,1454383794287,2016-02-02-11-29-54am,25161.0
1169,1454383794487,2016-02-02-11-29-54am,24741.0
1170,1454383794689,2016-02-02-11-29-54am,23861.0
1171,1454383794887,2016-02-02-11-29-54am,23631.0
1172,1454383795087,2016-02-02-11-29-55am,23581.0
1173,1454383795287,2016-02-02-11-29-55am,22906.0
1174,1454383795488,2016-02-02-11-29-55am,22166.0
1175,1454383795690,2016-02-02-11-29-55am,21911.0
1176,1454383795890,2016-02-02-11-29-55am,21201.0
1177,1454383796087,2016-02-02-11-29-56am,20961.0
1178,1454383796287,2016-02-02-11-29-56am,20571.0
1179,1454383796490,2016-02-02-11-29-56am,20101.0
1180,1454383796687,2016-02-02-11-29-56am,20391.0
1181,1454383796887,2016-02-02-11-29-56am,20321.0
1182,1454383797087,2016-02-02-11-29-57am,17961.0
1183,1454383797289,2016-02-02-11-29-57am,17886.0
1184,1454383797487,2016-02-02-11-29-57am,19141.0
1185,1454383797687,2016-02-02-11-29-57am,19521.0
1186,1454383797887,2016-02-02-11-29-57am,19671.0
1187,1454383798102,2016-02-02-11-29-58am,17891.0
1188,1454383798287,2016-02-02-11-29-58am,16941.0
1189,1454383798487,2016-02-02-11-29-58am,18971.0
1190,1454383798689,2016-02-02-11-29-58am,19136.0
1191,1454383798888,2016-02-02-11-29-58am,21601.0
1192,1454383799087,2016-02-02-11-29-59am,19886.0
1193,1454383799287,2016-02-02-11-29-59am,19481.0
1194,1454383799487,2016-02-02-11-29-59am,23271.0
1195,1454383799687,2016-02-02-11-29-59am,24861.0
1196,1454383799887,2016-02-02-11-29-59am,26771.0
1197,1454383800087,2016-02-02-11-30-00am,24381.0
1198,1454383800287,2016-02-02-11-30-00am,24521.0
1199,1454383800487,2016-02-02-11-30-00am,26881.0
1200,1454383800687,2016-02-02-11-30-00am,27766.0
1201,1454383800887,2016-02-02-11-30-00am,29421.0
1202,1454383801094,2016-02-02-11-30-01am,28881.0
1203,1454383801289,2016-02-02-11-30-01am,28256.0
1204,1454383801489,2016-02-02-11-30-01am,29171.0
1205,1454383801687,2016-02-02-11-30-01am,30461.0
1206,1454383801895,2016-02-02-11-30-01am,31556.0
1207,1454383802088,2016-02-02-11-30-02am,31596.0
1208,1454383802291,2016-02-02-11-30-02am,30906.0
1209,1454383802489,2016-02-02-11-30-02am,31121.0
1210,1454383802691,2016-02-02-11-30-02am,30741.0
1211,1454383802888,2016-02-02-11-30-02am,30486.0
1212,1454383803087,2016-02-02-11-30-03am,30256.0
1213,1454383803294,2016-02-02-11-30-03am,29491.0
1214,1454383803494,2016-02-02-11-30-03am,28901.0
1215,1454383803694,2016-02-02-11-30-03am,28756.0
1216,1454383803894,2016-02-02-11-30-03am,28516.0
1217,1454383804087,2016-02-02-11-30-04am,28116.0
1218,1454383804295,2016-02-02-11-30-04am,25886.0
1219,1454383804487,2016-02-02-11-30-04am,25356.0
1220,1454383804696,2016-02-02-11-30-04am,25106.0
1221,1454383804888,2016-02-02-11-30-04am,24731.0
1222,1454383805099,2016-02-02-11-30-05am,24661.0
1223,1454383805289,2016-02-02-11-30-05am,22891.0
1224,1454383805487,2016-02-02-11-30-05am,17146.0
1225,1454383805687,2016-02-02-11-30-05am,14676.0
1226,1454383805887,2016-02-02-11-30-05am,12856.0
1227,1454383806087,2016-02-02-11-30-06am,12886.0
1228,1454383806287,2016-02-02-11-30-06am,16721.0
1229,1454383806487,2016-02-02-11-30-06am,18926.0
1230,1454383806687,2016-02-02-11-30-06am,18971.0
1231,1454383806887,2016-02-02-11-30-06am,16446.0
1232,1454383807095,2016-02-02-11-30-07am,14471.0
1233,1454383807291,2016-02-02-11-30-07am,19376.0
1234,1454383807489,2016-02-02-11-30-07am,19256.0
1235,1454383807689,2016-02-02-11-30-07am,18076.0
1236,1454383807890,2016-02-02-11-30-07am,15001.0
1237,1454383808090,2016-02-02-11-30-08am,12866.0
1238,1454383808287,2016-02-02-11-30-08am,17736.0
1239,1454383808491,2016-02-02-11-30-08am,18726.0
1240,1454383808692,2016-02-02-11-30-08am,18651.0
1241,1454383808892,2016-02-02-11-30-08am,17121.0
1242,1454383809093,2016-02-02-11-30-09am,15056.0
1243,1454383809287,2016-02-02-11-30-09am,18156.0
1244,1454383809487,2016-02-02-11-30-09am,17521.0
1245,1454383809700,2016-02-02-11-30-09am,17616.0
1246,1454383809896,2016-02-02-11-30-09am,16561.0
1247,1454383810095,2016-02-02-11-30-10am,16451.0
1248,1454383810288,2016-02-02-11-30-10am,18516.0
1249,1454383810487,2016-02-02-11-30-10am,17906.0
1250,1454383810687,2016-02-02-11-30-10am,17001.0
1251,1454383810903,2016-02-02-11-30-10am,16886.0
1252,1454383811088,2016-02-02-11-30-11am,16131.0
1253,1454383811288,2016-02-02-11-30-11am,15591.0
1254,1454383811487,2016-02-02-11-30-11am,14446.0
1255,1454383811687,2016-02-02-11-30-11am,13796.0
1256,1454383811888,2016-02-02-11-30-11am,14186.0
1257,1454383812087,2016-02-02-11-30-12am,12141.0
1258,1454383812287,2016-02-02-11-30-12am,12036.0
1259,1454383812487,2016-02-02-11-30-12am,10231.0
1260,1454383812687,2016-02-02-11-30-12am,8071.0
1261,1454383812889,2016-02-02-11-30-12am,9211.0
1262,1454383813087,2016-02-02-11-30-13am,9326.0
1263,1454383813287,2016-02-02-11-30-13am,6871.0
1264,1454383813487,2016-02-02-11-30-13am,6901.0
1265,1454383813687,2016-02-02-11-30-13am,6726.0
1266,1454383813887,2016-02-02-11-30-13am,8231.0
1267,1454383814087,2016-02-02-11-30-14am,7701.0
1268,1454383814288,2016-02-02-11-30-14am,6201.0
1269,1454383814487,2016-02-02-11-30-14am,5976.0
1270,1454383814689,2016-02-02-11-30-14am,7206.0
1271,1454383814888,2016-02-02-11-30-14am,9596.0
1272,1454383815087,2016-02-02-11-30-15am,11546.0
1273,1454383815287,2016-02-02-11-30-15am,12726.0
1274,1454383815490,2016-02-02-11-30-15am,10486.0
1275,1454383815693,2016-02-02-11-30-15am,11036.0
1276,1454383815895,2016-02-02-11-30-15am,12981.0
1277,1454383816095,2016-02-02-11-30-16am,13491.0
1278,1454383816294,2016-02-02-11-30-16am,13756.0
1279,1454383816487,2016-02-02-11-30-16am,12891.0
1280,1454383816695,2016-02-02-11-30-16am,12056.0
1281,1454383816887,2016-02-02-11-30-16am,13466.0
1282,1454383817088,2016-02-02-11-30-17am,15431.0
1283,1454383817288,2016-02-02-11-30-17am,16101.0
1284,1454383817488,2016-02-02-11-30-17am,15366.0
1285,1454383817687,2016-02-02-11-30-17am,15611.0
1286,1454383817889,2016-02-02-11-30-17am,15771.0
1287,1454383818087,2016-02-02-11-30-18am,14991.0
1288,1454383818287,2016-02-02-11-30-18am,15436.0
1289,1454383818487,2016-02-02-11-30-18am,16376.0
1290,1454383818687,2016-02-02-11-30-18am,17436.0
1291,1454383818887,2016-02-02-11-30-18am,17881.0
1292,1454383819087,2016-02-02-11-30-19am,17436.0
1293,1454383819287,2016-02-02-11-30-19am,14071.0
1294,1454383819487,2016-02-02-11-30-19am,10821.0
1295,1454383819688,2016-02-02-11-30-19am,8536.0
1296,1454383819887,2016-02-02-11-30-19am,8031.0
1297,1454383820088,2016-02-02-11-30-20am,7171.0
1298,1454383820287,2016-02-02-11-30-20am,6061.0
1299,1454383820487,2016-02-02-11-30-20am,4676.0
1300,1454383820687,2016-02-02-11-30-20am,3826.0
1301,1454383820887,2016-02-02-11-30-20am,3551.0
1302,1454383821087,2016-02-02-11-30-21am,4141.0
1303,1454383821287,2016-02-02-11-30-21am,4346.0
1304,1454383821488,2016-02-02-11-30-21am,3376.0
1305,1454383821687,2016-02-02-11-30-21am,3671.0
1306,1454383821889,2016-02-02-11-30-21am,3526.0
1307,1454383822087,2016-02-02-11-30-22am,2221.0
1308,1454383822287,2016-02-02-11-30-22am,1786.0
1309,1454383822487,2016-02-02-11-30-22am,4526.0
1310,1454383822687,2016-02-02-11-30-22am,6276.0
1311,1454383822887,2016-02-02-11-30-22am,6476.0
1312,1454383823087,2016-02-02-11-30-23am,6316.0
1313,1454383823287,2016-02-02-11-30-23am,2471.0
1314,1454383823487,2016-02-02-11-30-23am,5146.0
1315,1454383823687,2016-02-02-11-30-23am,4996.0
1316,1454383823897,2016-02-02-11-30-23am,1326.0
1317,1454383824087,2016-02-02-11-30-24am,1051.0
1318,1454383824287,2016-02-02-11-30-24am,756.0
1319,1454383824487,2016-02-02-11-30-24am,611.0
1320,1454383824687,2016-02-02-11-30-24am,476.0
1321,1454383824888,2016-02-02-11-30-24am,521.0
1322,1454383825087,2016-02-02-11-30-25am,456.0
1323,1454383825287,2016-02-02-11-30-25am,496.0
1324,1454383825487,2016-02-02-11-30-25am,466.0
1325,1454383825690,2016-02-02-11-30-25am,496.0
1326,1454383825887,2016-02-02-11-30-25am,591.0
1327,1454383826087,2016-02-02-11-30-26am,661.0
1328,1454383826287,2016-02-02-11-30-26am,741.0
1329,1454383826489,2016-02-02-11-30-26am,886.0
1330,1454383826687,2016-02-02-11-30-26am,971.0
1331,1454383826887,2016-02-02-11-30-26am,1206.0
1332,1454383827087,2016-02-02-11-30-27am,2121.0
1333,1454383827287,2016-02-02-11-30-27am,2341.0
1334,1454383827487,2016-02-02-11-30-27am,2581.0
1335,1454383827688,2016-02-02-11-30-27am,2026.0
1336,1454383827890,2016-02-02-11-30-27am,1551.0
1337,1454383828087,2016-02-02-11-30-28am,1011.0
1338,1454383828287,2016-02-02-11-30-28am,1536.0
1339,1454383828488,2016-02-02-11-30-28am,1981.0
1340,1454383828687,2016-02-02-11-30-28am,856.0
1341,1454383828889,2016-02-02-11-30-28am,611.0
1342,1454383829087,2016-02-02-11-30-29am,641.0
1343,1454383829287,2016-02-02-11-30-29am,1056.0
1344,1454383829487,2016-02-02-11-30-29am,1016.0
1345,1454383829687,2016-02-02-11-30-29am,1046.0
1346,1454383829888,2016-02-02-11-30-29am,891.0
1347,1454383830089,2016-02-02-11-30-30am,721.0
1348,1454383830287,2016-02-02-11-30-30am,731.0
1349,1454383830487,2016-02-02-11-30-30am,676.0
1350,1454383830687,2016-02-02-11-30-30am,1031.0
1351,1454383830887,2016-02-02-11-30-30am,1321.0
1352,1454383831087,2016-02-02-11-30-31am,1391.0
1353,1454383831288,2016-02-02-11-30-31am,1081.0
1354,1454383831487,2016-02-02-11-30-31am,1181.0
1355,1454383831687,2016-02-02-11-30-31am,1596.0
1356,1454383831888,2016-02-02-11-30-31am,1836.0
1357,1454383832087,2016-02-02-11-30-32am,1631.0
1358,1454383832287,2016-02-02-11-30-32am,1366.0
1359,1454383832487,2016-02-02-11-30-32am,1261.0
1360,1454383832687,2016-02-02-11-30-32am,551.0
1361,1454383832887,2016-02-02-11-30-32am,1051.0
1362,1454383833087,2016-02-02-11-30-33am,1011.0
1363,1454383833287,2016-02-02-11-30-33am,756.0
1364,1454383833487,2016-02-02-11-30-33am,1491.0
1365,1454383833687,2016-02-02-11-30-33am,561.0
1366,1454383833887,2016-02-02-11-30-33am,146.0
1367,1454383834087,2016-02-02-11-30-34am,101.0
1368,1454383834287,2016-02-02-11-30-34am,86.0
1369,1454383834487,2016-02-02-11-30-34am,61.0
1370,1454383834687,2016-02-02-11-30-34am,31.0
1371,1454383834887,2016-02-02-11-30-34am,51.0
1372,1454383835087,2016-02-02-11-30-35am,46.0
1373,1454383835287,2016-02-02-11-30-35am,16.0
1374,1454383862417,2016-02-02-11-31-02am,6.0
1375,1454383862432,2016-02-02-11-31-02am,1.0
1376,1454383921417,2016-02-02-11-32-01am,206.0
1377,1454383921496,2016-02-02-11-32-01am,201.0
1378,1454383921800,2016-02-02-11-32-01am,206.0
1379,1454383922497,2016-02-02-11-32-02am,211.0
1380,1454383922698,2016-02-02-11-32-02am,201.0
1381,1454383923097,2016-02-02-11-32-03am,206.0
1382,1454383923296,2016-02-02-11-32-03am,211.0
1383,1454383923896,2016-02-02-11-32-03am,216.0
1384,1454383924497,2016-02-02-11-32-04am,211.0
1385,1454383925097,2016-02-02-11-32-05am,206.0
1386,1454383925297,2016-02-02-11-32-05am,201.0
1387,1454383925697,2016-02-02-11-32-05am,206.0
1388,1454383927497,2016-02-02-11-32-07am,211.0
1389,1454383927697,2016-02-02-11-32-07am,216.0
1390,1454383927897,2016-02-02-11-32-07am,221.0
1391,1454383928297,2016-02-02-11-32-08am,211.0
1392,1454383930897,2016-02-02-11-32-10am,206.0
1393,1454383931097,2016-02-02-11-32-11am,191.0
