1,1453698522795,2016-01-25-1-08-42PM,243.0
2,1453698522979,2016-01-25-1-08-42PM,291.0
3,1453698523164,2016-01-25-1-08-43PM,315.0
4,1453698523349,2016-01-25-1-08-43PM,304.0
5,1453698523537,2016-01-25-1-08-43PM,304.0
6,1453698523721,2016-01-25-1-08-43PM,309.0
7,1453698523905,2016-01-25-1-08-43PM,318.0
8,1453698524090,2016-01-25-1-08-44PM,318.0
9,1453698524277,2016-01-25-1-08-44PM,317.0
10,1453698524465,2016-01-25-1-08-44PM,318.0
11,1453698524651,2016-01-25-1-08-44PM,320.0
12,1453698524833,2016-01-25-1-08-44PM,318.0
13,1453698525017,2016-01-25-1-08-45PM,320.0
14,1453698525219,2016-01-25-1-08-45PM,320.0
15,1453698525404,2016-01-25-1-08-45PM,354.0
16,1453698525588,2016-01-25-1-08-45PM,376.0
17,1453698525772,2016-01-25-1-08-45PM,374.0
18,1453698525959,2016-01-25-1-08-45PM,372.0
19,1453698526142,2016-01-25-1-08-46PM,372.0
20,1453698526326,2016-01-25-1-08-46PM,370.0
21,1453698526514,2016-01-25-1-08-46PM,368.0
22,1453698526700,2016-01-25-1-08-46PM,367.0
23,1453698526881,2016-01-25-1-08-46PM,366.0
24,1453698527071,2016-01-25-1-08-47PM,366.0
25,1453698527257,2016-01-25-1-08-47PM,365.0
26,1453698527442,2016-01-25-1-08-47PM,362.0
27,1453698527627,2016-01-25-1-08-47PM,360.0
28,1453698527815,2016-01-25-1-08-47PM,355.0
29,1453698527996,2016-01-25-1-08-47PM,52.0
30,1453698528179,2016-01-25-1-08-48PM,21.0
31,1453698528364,2016-01-25-1-08-48PM,12.0
32,1453698528554,2016-01-25-1-08-48PM,13.0
33,1453698528742,2016-01-25-1-08-48PM,11.0
34,1453698528923,2016-01-25-1-08-48PM,9.0
35,1453698529112,2016-01-25-1-08-49PM,327.0
36,1453698529295,2016-01-25-1-08-49PM,348.0
37,1453698529479,2016-01-25-1-08-49PM,338.0
38,1453698529665,2016-01-25-1-08-49PM,337.0
39,1453698529848,2016-01-25-1-08-49PM,336.0
40,1453698530034,2016-01-25-1-08-50PM,337.0
41,1453698530224,2016-01-25-1-08-50PM,337.0
42,1453698530410,2016-01-25-1-08-50PM,338.0
43,1453698530596,2016-01-25-1-08-50PM,324.0
44,1453698530777,2016-01-25-1-08-50PM,241.0
45,1453698530965,2016-01-25-1-08-50PM,231.0
46,1453698531150,2016-01-25-1-08-51PM,236.0
47,1453698531334,2016-01-25-1-08-51PM,242.0
48,1453698531519,2016-01-25-1-08-51PM,246.0
49,1453698531705,2016-01-25-1-08-51PM,242.0
50,1453698531891,2016-01-25-1-08-51PM,244.0
51,1453698532077,2016-01-25-1-08-52PM,259.0
52,1453698532264,2016-01-25-1-08-52PM,328.0
53,1453698532450,2016-01-25-1-08-52PM,347.0
54,1453698532634,2016-01-25-1-08-52PM,348.0
55,1453698532816,2016-01-25-1-08-52PM,343.0
56,1453698533003,2016-01-25-1-08-53PM,343.0
57,1453698533190,2016-01-25-1-08-53PM,342.0
58,1453698533375,2016-01-25-1-08-53PM,342.0
59,1453698533560,2016-01-25-1-08-53PM,303.0
60,1453698533743,2016-01-25-1-08-53PM,261.0
61,1453698533931,2016-01-25-1-08-53PM,225.0
62,1453698534117,2016-01-25-1-08-54PM,330.0
63,1453698534299,2016-01-25-1-08-54PM,347.0
64,1453698534486,2016-01-25-1-08-54PM,338.0
65,1453698534671,2016-01-25-1-08-54PM,28.0
66,1453698534857,2016-01-25-1-08-54PM,255.0
67,1453698535042,2016-01-25-1-08-55PM,52.0
68,1453698535229,2016-01-25-1-08-55PM,349.0
69,1453698535411,2016-01-25-1-08-55PM,347.0
70,1453698535597,2016-01-25-1-08-55PM,36.0
71,1453698535783,2016-01-25-1-08-55PM,304.0
72,1453698535968,2016-01-25-1-08-55PM,212.0
73,1453698536152,2016-01-25-1-08-56PM,345.0
74,1453698536336,2016-01-25-1-08-56PM,341.0
75,1453698536520,2016-01-25-1-08-56PM,72.0
76,1453698536706,2016-01-25-1-08-56PM,341.0
77,1453698536892,2016-01-25-1-08-56PM,343.0
78,1453698537077,2016-01-25-1-08-57PM,331.0
79,1453698537263,2016-01-25-1-08-57PM,327.0
80,1453698537449,2016-01-25-1-08-57PM,328.0
81,1453698537633,2016-01-25-1-08-57PM,331.0
82,1453698537818,2016-01-25-1-08-57PM,330.0
83,1453698538002,2016-01-25-1-08-58PM,330.0
84,1453698538188,2016-01-25-1-08-58PM,329.0
85,1453698538373,2016-01-25-1-08-58PM,330.0
86,1453698538557,2016-01-25-1-08-58PM,330.0
87,1453698538740,2016-01-25-1-08-58PM,356.0
88,1453698538927,2016-01-25-1-08-58PM,322.0
89,1453698539112,2016-01-25-1-08-59PM,341.0
90,1453698539294,2016-01-25-1-08-59PM,350.0
1,1454317705907,2016-02-01-5-08-25PM,78.0
2,1454317706091,2016-02-01-5-08-26PM,101.0
3,1454317706275,2016-02-01-5-08-26PM,141.0
4,1454317706449,2016-02-01-5-08-26PM,180.0
5,1454317706629,2016-02-01-5-08-26PM,196.0
6,1454317706810,2016-02-01-5-08-26PM,230.0
7,1454317706987,2016-02-01-5-08-26PM,344.0
8,1454317707169,2016-02-01-5-08-27PM,299.0
9,1454317707347,2016-02-01-5-08-27PM,319.0
10,1454317707524,2016-02-01-5-08-27PM,350.0
11,1454317707708,2016-02-01-5-08-27PM,317.0
12,1454317707888,2016-02-01-5-08-27PM,279.0
13,1454317708067,2016-02-01-5-08-28PM,371.0
14,1454317708249,2016-02-01-5-08-28PM,344.0
15,1454317708423,2016-02-01-5-08-28PM,350.0
16,1454317708608,2016-02-01-5-08-28PM,419.0
17,1454317708788,2016-02-01-5-08-28PM,436.0
18,1454317708972,2016-02-01-5-08-28PM,503.0
19,1454317709152,2016-02-01-5-08-29PM,573.0
20,1454317709331,2016-02-01-5-08-29PM,586.0
21,1454317709516,2016-02-01-5-08-29PM,512.0
22,1454317709693,2016-02-01-5-08-29PM,469.0
23,1454317709876,2016-02-01-5-08-29PM,490.0
24,1454317710056,2016-02-01-5-08-30PM,520.0
25,1454317710234,2016-02-01-5-08-30PM,587.0
26,1454317710417,2016-02-01-5-08-30PM,608.0
27,1454317710597,2016-02-01-5-08-30PM,575.0
28,1454317710778,2016-02-01-5-08-30PM,546.0
29,1454317710962,2016-02-01-5-08-30PM,508.0
30,1454317711140,2016-02-01-5-08-31PM,519.0
31,1454317711321,2016-02-01-5-08-31PM,580.0
32,1454317711503,2016-02-01-5-08-31PM,606.0
33,1454317711682,2016-02-01-5-08-31PM,606.0
34,1454317711861,2016-02-01-5-08-31PM,598.0
35,1454317712044,2016-02-01-5-08-32PM,596.0
36,1454317712226,2016-02-01-5-08-32PM,613.0
37,1454317712405,2016-02-01-5-08-32PM,589.0
38,1454317712590,2016-02-01-5-08-32PM,581.0
39,1454317712768,2016-02-01-5-08-32PM,626.0
40,1454317712948,2016-02-01-5-08-32PM,604.0
41,1454317713127,2016-02-01-5-08-33PM,588.0
42,1454317713307,2016-02-01-5-08-33PM,600.0
43,1454317713483,2016-02-01-5-08-33PM,602.0
44,1454317713666,2016-02-01-5-08-33PM,633.0
45,1454317713849,2016-02-01-5-08-33PM,699.0
46,1454317714025,2016-02-01-5-08-34PM,671.0
47,1454317714209,2016-02-01-5-08-34PM,597.0
48,1454317714386,2016-02-01-5-08-34PM,586.0
49,1454317714564,2016-02-01-5-08-34PM,616.0
50,1454317714745,2016-02-01-5-08-34PM,601.0
51,1454317714924,2016-02-01-5-08-34PM,637.0
52,1454317715106,2016-02-01-5-08-35PM,701.0
53,1454317715289,2016-02-01-5-08-35PM,761.0
54,1454317715466,2016-02-01-5-08-35PM,866.0
55,1454317715644,2016-02-01-5-08-35PM,835.0
56,1454317715824,2016-02-01-5-08-35PM,1027.0
57,1454317716008,2016-02-01-5-08-36PM,1200.0
58,1454317716189,2016-02-01-5-08-36PM,970.0
59,1454317716367,2016-02-01-5-08-36PM,1225.0
60,1454317716550,2016-02-01-5-08-36PM,1459.0
61,1454317716725,2016-02-01-5-08-36PM,1751.0
62,1454317716906,2016-02-01-5-08-36PM,1705.0
63,1454317717087,2016-02-01-5-08-37PM,1524.0
64,1454317717263,2016-02-01-5-08-37PM,1551.0
65,1454317717447,2016-02-01-5-08-37PM,1567.0
66,1454317717632,2016-02-01-5-08-37PM,1528.0
67,1454317717811,2016-02-01-5-08-37PM,1401.0
68,1454317717996,2016-02-01-5-08-37PM,1473.0
69,1454317718175,2016-02-01-5-08-38PM,1599.0
70,1454317718359,2016-02-01-5-08-38PM,1842.0
71,1454317718541,2016-02-01-5-08-38PM,1745.0
72,1454317718723,2016-02-01-5-08-38PM,1821.0
73,1454317718899,2016-02-01-5-08-38PM,1876.0
74,1454317719083,2016-02-01-5-08-39PM,1853.0
75,1454317719261,2016-02-01-5-08-39PM,1878.0
76,1454317719440,2016-02-01-5-08-39PM,1895.0
77,1454317719623,2016-02-01-5-08-39PM,2019.0
78,1454317719806,2016-02-01-5-08-39PM,2104.0
79,1454317719978,2016-02-01-5-08-39PM,2075.0
80,1454317720164,2016-02-01-5-08-40PM,1895.0
81,1454317720343,2016-02-01-5-08-40PM,2011.0
82,1454317720527,2016-02-01-5-08-40PM,2248.0
83,1454317720707,2016-02-01-5-08-40PM,2317.0
84,1454317720884,2016-02-01-5-08-40PM,2461.0
85,1454317721069,2016-02-01-5-08-41PM,2536.0
86,1454317721246,2016-02-01-5-08-41PM,2769.0
87,1454317721426,2016-02-01-5-08-41PM,2955.0
88,1454317721609,2016-02-01-5-08-41PM,2919.0
89,1454317721789,2016-02-01-5-08-41PM,2836.0
90,1454317721973,2016-02-01-5-08-41PM,2835.0
91,1454317722152,2016-02-01-5-08-42PM,2740.0
92,1454317722329,2016-02-01-5-08-42PM,2741.0
93,1454317722513,2016-02-01-5-08-42PM,2933.0
94,1454317722689,2016-02-01-5-08-42PM,2816.0
95,1454317722870,2016-02-01-5-08-42PM,2746.0
96,1454317723053,2016-02-01-5-08-43PM,2849.0
97,1454317723235,2016-02-01-5-08-43PM,2880.0
98,1454317723417,2016-02-01-5-08-43PM,2946.0
99,1454317723596,2016-02-01-5-08-43PM,3005.0
100,1454317723772,2016-02-01-5-08-43PM,3083.0
101,1454317723957,2016-02-01-5-08-43PM,2930.0
102,1454317724136,2016-02-01-5-08-44PM,2737.0
103,1454317724318,2016-02-01-5-08-44PM,2608.0
104,1454317724498,2016-02-01-5-08-44PM,2611.0
105,1454317724675,2016-02-01-5-08-44PM,2502.0
106,1454317724856,2016-02-01-5-08-44PM,2622.0
107,1454317725034,2016-02-01-5-08-45PM,2623.0
108,1454317725220,2016-02-01-5-08-45PM,2633.0
109,1454317725401,2016-02-01-5-08-45PM,2835.0
110,1454317725579,2016-02-01-5-08-45PM,2756.0
111,1454317725763,2016-02-01-5-08-45PM,2784.0
112,1454317725940,2016-02-01-5-08-45PM,2902.0
113,1454317726124,2016-02-01-5-08-46PM,3243.0
114,1454317726308,2016-02-01-5-08-46PM,2909.0
115,1454317726486,2016-02-01-5-08-46PM,2699.0
116,1454317726668,2016-02-01-5-08-46PM,3056.0
117,1454317726849,2016-02-01-5-08-46PM,3258.0
118,1454317727026,2016-02-01-5-08-47PM,3330.0
119,1454317727209,2016-02-01-5-08-47PM,3349.0
120,1454317727390,2016-02-01-5-08-47PM,3325.0
121,1454317727566,2016-02-01-5-08-47PM,3091.0
122,1454317727754,2016-02-01-5-08-47PM,3283.0
123,1454317727933,2016-02-01-5-08-47PM,3310.0
124,1454317728116,2016-02-01-5-08-48PM,3464.0
125,1454317728299,2016-02-01-5-08-48PM,3670.0
126,1454317728476,2016-02-01-5-08-48PM,3787.0
127,1454317728659,2016-02-01-5-08-48PM,3452.0
128,1454317728837,2016-02-01-5-08-48PM,3277.0
129,1454317729019,2016-02-01-5-08-49PM,3271.0
130,1454317729202,2016-02-01-5-08-49PM,3316.0
131,1454317729383,2016-02-01-5-08-49PM,3577.0
132,1454317729568,2016-02-01-5-08-49PM,3925.0
133,1454317729743,2016-02-01-5-08-49PM,4136.0
134,1454317729920,2016-02-01-5-08-49PM,3823.0
135,1454317730103,2016-02-01-5-08-50PM,3617.0
136,1454317730281,2016-02-01-5-08-50PM,3547.0
137,1454317730463,2016-02-01-5-08-50PM,3632.0
138,1454317730644,2016-02-01-5-08-50PM,3638.0
139,1454317730822,2016-02-01-5-08-50PM,3602.0
140,1454317731002,2016-02-01-5-08-51PM,3760.0
141,1454317731189,2016-02-01-5-08-51PM,3858.0
142,1454317731366,2016-02-01-5-08-51PM,3981.0
143,1454317731549,2016-02-01-5-08-51PM,4009.0
144,1454317731726,2016-02-01-5-08-51PM,4040.0
145,1454317731907,2016-02-01-5-08-51PM,3957.0
146,1454317732085,2016-02-01-5-08-52PM,3809.0
147,1454317732271,2016-02-01-5-08-52PM,3814.0
148,1454317732451,2016-02-01-5-08-52PM,3597.0
149,1454317732628,2016-02-01-5-08-52PM,3575.0
150,1454317732813,2016-02-01-5-08-52PM,3521.0
151,1454317732991,2016-02-01-5-08-52PM,3639.0
152,1454317733174,2016-02-01-5-08-53PM,3650.0
153,1454317733356,2016-02-01-5-08-53PM,3930.0
154,1454317733534,2016-02-01-5-08-53PM,3898.0
155,1454317733719,2016-02-01-5-08-53PM,3810.0
156,1454317733894,2016-02-01-5-08-53PM,3719.0
157,1454317734078,2016-02-01-5-08-54PM,3427.0
158,1454317734256,2016-02-01-5-08-54PM,3019.0
159,1454317734438,2016-02-01-5-08-54PM,3229.0
160,1454317734618,2016-02-01-5-08-54PM,3200.0
161,1454317734796,2016-02-01-5-08-54PM,3035.0
162,1454317734978,2016-02-01-5-08-54PM,2940.0
163,1454317735157,2016-02-01-5-08-55PM,3032.0
164,1454317735338,2016-02-01-5-08-55PM,3224.0
165,1454317735520,2016-02-01-5-08-55PM,3261.0
166,1454317735697,2016-02-01-5-08-55PM,3223.0
167,1454317735880,2016-02-01-5-08-55PM,3124.0
168,1454317736063,2016-02-01-5-08-56PM,3141.0
169,1454317736241,2016-02-01-5-08-56PM,2970.0
170,1454317736422,2016-02-01-5-08-56PM,3242.0
171,1454317736602,2016-02-01-5-08-56PM,3503.0
172,1454317736784,2016-02-01-5-08-56PM,2940.0
173,1454317736964,2016-02-01-5-08-56PM,3068.0
174,1454317737147,2016-02-01-5-08-57PM,3070.0
175,1454317737332,2016-02-01-5-08-57PM,3186.0
176,1454317737511,2016-02-01-5-08-57PM,3288.0
177,1454317737694,2016-02-01-5-08-57PM,3464.0
178,1454317737872,2016-02-01-5-08-57PM,3474.0
179,1454317738055,2016-02-01-5-08-58PM,3626.0
180,1454317738237,2016-02-01-5-08-58PM,3882.0
181,1454317738416,2016-02-01-5-08-58PM,3831.0
182,1454317738601,2016-02-01-5-08-58PM,3621.0
183,1454317738777,2016-02-01-5-08-58PM,3550.0
184,1454317738957,2016-02-01-5-08-58PM,3585.0
185,1454317739139,2016-02-01-5-08-59PM,3937.0
186,1454317739319,2016-02-01-5-08-59PM,3456.0
187,1454317739500,2016-02-01-5-08-59PM,3264.0
188,1454317739678,2016-02-01-5-08-59PM,3514.0
189,1454317739861,2016-02-01-5-08-59PM,3780.0
190,1454317740040,2016-02-01-5-09-00PM,3902.0
191,1454317740216,2016-02-01-5-09-00PM,4462.0
192,1454317740405,2016-02-01-5-09-00PM,4644.0
193,1454317740585,2016-02-01-5-09-00PM,4691.0
194,1454317740767,2016-02-01-5-09-00PM,4768.0
195,1454317740953,2016-02-01-5-09-00PM,4743.0
196,1454317741129,2016-02-01-5-09-01PM,4749.0
197,1454317741316,2016-02-01-5-09-01PM,4607.0
198,1454317741493,2016-02-01-5-09-01PM,4495.0
199,1454317741675,2016-02-01-5-09-01PM,4198.0
200,1454317741854,2016-02-01-5-09-01PM,4252.0
201,1454317742033,2016-02-01-5-09-02PM,4404.0
202,1454317742218,2016-02-01-5-09-02PM,4475.0
203,1454317742399,2016-02-01-5-09-02PM,4512.0
204,1454317742583,2016-02-01-5-09-02PM,4572.0
205,1454317742762,2016-02-01-5-09-02PM,4515.0
206,1454317742940,2016-02-01-5-09-02PM,4583.0
207,1454317743123,2016-02-01-5-09-03PM,4659.0
208,1454317743304,2016-02-01-5-09-03PM,4737.0
209,1454317743482,2016-02-01-5-09-03PM,4606.0
210,1454317743666,2016-02-01-5-09-03PM,4287.0
211,1454317743843,2016-02-01-5-09-03PM,3967.0
212,1454317744026,2016-02-01-5-09-04PM,3744.0
213,1454317744210,2016-02-01-5-09-04PM,3757.0
214,1454317744388,2016-02-01-5-09-04PM,3772.0
215,1454317744571,2016-02-01-5-09-04PM,3854.0
216,1454317744752,2016-02-01-5-09-04PM,3869.0
217,1454317744935,2016-02-01-5-09-04PM,3840.0
218,1454317745110,2016-02-01-5-09-05PM,3754.0
219,1454317745290,2016-02-01-5-09-05PM,3656.0
220,1454317745473,2016-02-01-5-09-05PM,3623.0
221,1454317745652,2016-02-01-5-09-05PM,3646.0
222,1454317745836,2016-02-01-5-09-05PM,3705.0
223,1454317746016,2016-02-01-5-09-06PM,3477.0
224,1454317746197,2016-02-01-5-09-06PM,3386.0
225,1454317746378,2016-02-01-5-09-06PM,3377.0
226,1454317746557,2016-02-01-5-09-06PM,3681.0
227,1454317746741,2016-02-01-5-09-06PM,4133.0
228,1454317746920,2016-02-01-5-09-06PM,4431.0
229,1454317747098,2016-02-01-5-09-07PM,4685.0
230,1454317747281,2016-02-01-5-09-07PM,4950.0
231,1454317747458,2016-02-01-5-09-07PM,5225.0
232,1454317747641,2016-02-01-5-09-07PM,5028.0
233,1454317747818,2016-02-01-5-09-07PM,4575.0
234,1454317747996,2016-02-01-5-09-07PM,4355.0
235,1454317748178,2016-02-01-5-09-08PM,4343.0
236,1454317748354,2016-02-01-5-09-08PM,4402.0
237,1454317748537,2016-02-01-5-09-08PM,4427.0
238,1454317748721,2016-02-01-5-09-08PM,4245.0
239,1454317748897,2016-02-01-5-09-08PM,4137.0
240,1454317749080,2016-02-01-5-09-09PM,4289.0
241,1454317749256,2016-02-01-5-09-09PM,4388.0
242,1454317749437,2016-02-01-5-09-09PM,4554.0
243,1454317749621,2016-02-01-5-09-09PM,4478.0
244,1454317749797,2016-02-01-5-09-09PM,4278.0
245,1454317749982,2016-02-01-5-09-09PM,4436.0
246,1454317750161,2016-02-01-5-09-10PM,4382.0
247,1454317750337,2016-02-01-5-09-10PM,4464.0
248,1454317750520,2016-02-01-5-09-10PM,4399.0
249,1454317750697,2016-02-01-5-09-10PM,4375.0
250,1454317750879,2016-02-01-5-09-10PM,3850.0
251,1454317751056,2016-02-01-5-09-11PM,3797.0
252,1454317751236,2016-02-01-5-09-11PM,3949.0
253,1454317751419,2016-02-01-5-09-11PM,3931.0
254,1454317751598,2016-02-01-5-09-11PM,4093.0
255,1454317751777,2016-02-01-5-09-11PM,4000.0
256,1454317751960,2016-02-01-5-09-11PM,3813.0
257,1454317752142,2016-02-01-5-09-12PM,3705.0
258,1454317752325,2016-02-01-5-09-12PM,3808.0
259,1454317752509,2016-02-01-5-09-12PM,3867.0
260,1454317752687,2016-02-01-5-09-12PM,3888.0
261,1454317752871,2016-02-01-5-09-12PM,3803.0
262,1454317753050,2016-02-01-5-09-13PM,3598.0
263,1454317753227,2016-02-01-5-09-13PM,3396.0
264,1454317753410,2016-02-01-5-09-13PM,3337.0
265,1454317753590,2016-02-01-5-09-13PM,3395.0
266,1454317753770,2016-02-01-5-09-13PM,3117.0
267,1454317753958,2016-02-01-5-09-13PM,2995.0
268,1454317754135,2016-02-01-5-09-14PM,2938.0
269,1454317754317,2016-02-01-5-09-14PM,2752.0
270,1454317754497,2016-02-01-5-09-14PM,2535.0
271,1454317754676,2016-02-01-5-09-14PM,2471.0
272,1454317754859,2016-02-01-5-09-14PM,2913.0
273,1454317755043,2016-02-01-5-09-15PM,3156.0
274,1454317755223,2016-02-01-5-09-15PM,3017.0
275,1454317755407,2016-02-01-5-09-15PM,2976.0
276,1454317755588,2016-02-01-5-09-15PM,3021.0
277,1454317755767,2016-02-01-5-09-15PM,3068.0
278,1454317755948,2016-02-01-5-09-15PM,3014.0
279,1454317756127,2016-02-01-5-09-16PM,2999.0
280,1454317756311,2016-02-01-5-09-16PM,3022.0
281,1454317756493,2016-02-01-5-09-16PM,3000.0
282,1454317756670,2016-02-01-5-09-16PM,3036.0
283,1454317756853,2016-02-01-5-09-16PM,3083.0
284,1454317757035,2016-02-01-5-09-17PM,3097.0
285,1454317757217,2016-02-01-5-09-17PM,3122.0
286,1454317757398,2016-02-01-5-09-17PM,3183.0
287,1454317757577,2016-02-01-5-09-17PM,3146.0
288,1454317757763,2016-02-01-5-09-17PM,3172.0
289,1454317757943,2016-02-01-5-09-17PM,3236.0
290,1454317758123,2016-02-01-5-09-18PM,3251.0
291,1454317758306,2016-02-01-5-09-18PM,3190.0
292,1454317758486,2016-02-01-5-09-18PM,3244.0
293,1454317758663,2016-02-01-5-09-18PM,3198.0
294,1454317758843,2016-02-01-5-09-18PM,3227.0
295,1454317759026,2016-02-01-5-09-19PM,3141.0
296,1454317759199,2016-02-01-5-09-19PM,3052.0
297,1454317759378,2016-02-01-5-09-19PM,3151.0
298,1454317759556,2016-02-01-5-09-19PM,3095.0
299,1454317759740,2016-02-01-5-09-19PM,3046.0
300,1454317759923,2016-02-01-5-09-19PM,2865.0
301,1454317760101,2016-02-01-5-09-20PM,2896.0
302,1454317760282,2016-02-01-5-09-20PM,3015.0
303,1454317760464,2016-02-01-5-09-20PM,3085.0
304,1454317760642,2016-02-01-5-09-20PM,3419.0
305,1454317760823,2016-02-01-5-09-20PM,3822.0
306,1454317761001,2016-02-01-5-09-21PM,3773.0
307,1454317761181,2016-02-01-5-09-21PM,3916.0
308,1454317761362,2016-02-01-5-09-21PM,3829.0
309,1454317761545,2016-02-01-5-09-21PM,3888.0
310,1454317761722,2016-02-01-5-09-21PM,3493.0
311,1454317761907,2016-02-01-5-09-21PM,3875.0
312,1454317762086,2016-02-01-5-09-22PM,4327.0
313,1454317762267,2016-02-01-5-09-22PM,4590.0
314,1454317762452,2016-02-01-5-09-22PM,4604.0
315,1454317762629,2016-02-01-5-09-22PM,4405.0
316,1454317762812,2016-02-01-5-09-22PM,4298.0
317,1454317762992,2016-02-01-5-09-22PM,4396.0
318,1454317763172,2016-02-01-5-09-23PM,4616.0
319,1454317763353,2016-02-01-5-09-23PM,5107.0
320,1454317763534,2016-02-01-5-09-23PM,5159.0
321,1454317763713,2016-02-01-5-09-23PM,4579.0
322,1454317763897,2016-02-01-5-09-23PM,4510.0
323,1454317764081,2016-02-01-5-09-24PM,4692.0
324,1454317764258,2016-02-01-5-09-24PM,4366.0
325,1454317764441,2016-02-01-5-09-24PM,4284.0
326,1454317764617,2016-02-01-5-09-24PM,4041.0
327,1454317764795,2016-02-01-5-09-24PM,3976.0
328,1454317764977,2016-02-01-5-09-24PM,4199.0
329,1454317765156,2016-02-01-5-09-25PM,4285.0
330,1454317765338,2016-02-01-5-09-25PM,4412.0
331,1454317765522,2016-02-01-5-09-25PM,4420.0
332,1454317765701,2016-02-01-5-09-25PM,4207.0
333,1454317765883,2016-02-01-5-09-25PM,4508.0
334,1454317766062,2016-02-01-5-09-26PM,4177.0
335,1454317766240,2016-02-01-5-09-26PM,4024.0
336,1454317766424,2016-02-01-5-09-26PM,4449.0
337,1454317766602,2016-02-01-5-09-26PM,4532.0
338,1454317766784,2016-02-01-5-09-26PM,4464.0
339,1454317766965,2016-02-01-5-09-26PM,5147.0
340,1454317767145,2016-02-01-5-09-27PM,5184.0
341,1454317767322,2016-02-01-5-09-27PM,4608.0
342,1454317767505,2016-02-01-5-09-27PM,4374.0
343,1454317767746,2016-02-01-5-09-27PM,3603.0
344,1454317767926,2016-02-01-5-09-27PM,4052.0
345,1454317768109,2016-02-01-5-09-28PM,3439.0
346,1454317768290,2016-02-01-5-09-28PM,2829.0
347,1454317768474,2016-02-01-5-09-28PM,3264.0
348,1454317768654,2016-02-01-5-09-28PM,2889.0
349,1454317768836,2016-02-01-5-09-28PM,3364.0
350,1454317769019,2016-02-01-5-09-29PM,3283.0
351,1454317769201,2016-02-01-5-09-29PM,3088.0
352,1454317769382,2016-02-01-5-09-29PM,3118.0
353,1454317769572,2016-02-01-5-09-29PM,3066.0
354,1454317769746,2016-02-01-5-09-29PM,3089.0
355,1454317773134,2016-02-01-5-09-33PM,4404.0
356,1454317773316,2016-02-01-5-09-33PM,6268.0
357,1454317773500,2016-02-01-5-09-33PM,6257.0
358,1454317773680,2016-02-01-5-09-33PM,6295.0
359,1454317773862,2016-02-01-5-09-33PM,6342.0
360,1454317774045,2016-02-01-5-09-34PM,6406.0
361,1454317774222,2016-02-01-5-09-34PM,6440.0
362,1454317774403,2016-02-01-5-09-34PM,6408.0
363,1454317774586,2016-02-01-5-09-34PM,6422.0
364,1454317774766,2016-02-01-5-09-34PM,6420.0
365,1454317774947,2016-02-01-5-09-34PM,6439.0
366,1454317775127,2016-02-01-5-09-35PM,6399.0
367,1454317775310,2016-02-01-5-09-35PM,6423.0
368,1454317775489,2016-02-01-5-09-35PM,6443.0
369,1454317775671,2016-02-01-5-09-35PM,6443.0
370,1454317775863,2016-02-01-5-09-35PM,6312.0
371,1454317776033,2016-02-01-5-09-36PM,6299.0
372,1454317776215,2016-02-01-5-09-36PM,6271.0
373,1454317776396,2016-02-01-5-09-36PM,6256.0
374,1454317776577,2016-02-01-5-09-36PM,6251.0
375,1454317776758,2016-02-01-5-09-36PM,6240.0
376,1454317776939,2016-02-01-5-09-36PM,6078.0
377,1454317777118,2016-02-01-5-09-37PM,6167.0
378,1454317777300,2016-02-01-5-09-37PM,6162.0
379,1454317777485,2016-02-01-5-09-37PM,6086.0
380,1454317777665,2016-02-01-5-09-37PM,6159.0
381,1454317778109,2016-02-01-5-09-38PM,6188.0
382,1454317778155,2016-02-01-5-09-38PM,6123.0
383,1454317778156,2016-02-01-5-09-38PM,6123.0
384,1454317778340,2016-02-01-5-09-38PM,6184.0
385,1454317778521,2016-02-01-5-09-38PM,5702.0
386,1454317778702,2016-02-01-5-09-38PM,4981.0
387,1454317778883,2016-02-01-5-09-38PM,4637.0
388,1454317779065,2016-02-01-5-09-39PM,4436.0
389,1454317779244,2016-02-01-5-09-39PM,4153.0
390,1454317779426,2016-02-01-5-09-39PM,4816.0
391,1454317779604,2016-02-01-5-09-39PM,5794.0
392,1454317779785,2016-02-01-5-09-39PM,5474.0
393,1454317779966,2016-02-01-5-09-39PM,5038.0
394,1454317780151,2016-02-01-5-09-40PM,4730.0
395,1454317783034,2016-02-01-5-09-43PM,5215.0
396,1454317783117,2016-02-01-5-09-43PM,5042.0
397,1454317783299,2016-02-01-5-09-43PM,4609.0
398,1454317783484,2016-02-01-5-09-43PM,4623.0
399,1454317783664,2016-02-01-5-09-43PM,4451.0
400,1454317783845,2016-02-01-5-09-43PM,4448.0
401,1454317784026,2016-02-01-5-09-44PM,4771.0
402,1454317785151,2016-02-01-5-09-45PM,4601.0
403,1454317785151,2016-02-01-5-09-45PM,4601.0
404,1454317785152,2016-02-01-5-09-45PM,4601.0
405,1454317785152,2016-02-01-5-09-45PM,4601.0
406,1454317785153,2016-02-01-5-09-45PM,4601.0
407,1454317785153,2016-02-01-5-09-45PM,4601.0
408,1454317785330,2016-02-01-5-09-45PM,4628.0
409,1454317785508,2016-02-01-5-09-45PM,4808.0
410,1454317785692,2016-02-01-5-09-45PM,4812.0
411,1454317785869,2016-02-01-5-09-45PM,4619.0
412,1454317786052,2016-02-01-5-09-46PM,4579.0
413,1454317786236,2016-02-01-5-09-46PM,4707.0
414,1454317786416,2016-02-01-5-09-46PM,4665.0
415,1454317786600,2016-02-01-5-09-46PM,4720.0
416,1454317786783,2016-02-01-5-09-46PM,4759.0
417,1454317786962,2016-02-01-5-09-46PM,4684.0
418,1454317787145,2016-02-01-5-09-47PM,4521.0
419,1454317787328,2016-02-01-5-09-47PM,4391.0
420,1454317787503,2016-02-01-5-09-47PM,4363.0
421,1454317787690,2016-02-01-5-09-47PM,4339.0
422,1454317787871,2016-02-01-5-09-47PM,4406.0
423,1454317788048,2016-02-01-5-09-48PM,4706.0
424,1454317788230,2016-02-01-5-09-48PM,4634.0
425,1454317788411,2016-02-01-5-09-48PM,4436.0
426,1454317788591,2016-02-01-5-09-48PM,4393.0
427,1454317788774,2016-02-01-5-09-48PM,4297.0
428,1454317788954,2016-02-01-5-09-48PM,4327.0
429,1454317789133,2016-02-01-5-09-49PM,4409.0
430,1454317789318,2016-02-01-5-09-49PM,4549.0
431,1454317789494,2016-02-01-5-09-49PM,4524.0
432,1454317789676,2016-02-01-5-09-49PM,4339.0
433,1454317789855,2016-02-01-5-09-49PM,4111.0
434,1454317790036,2016-02-01-5-09-50PM,4036.0
435,1454317790219,2016-02-01-5-09-50PM,4014.0
436,1454317790397,2016-02-01-5-09-50PM,4193.0
437,1454317790576,2016-02-01-5-09-50PM,4056.0
438,1454317790759,2016-02-01-5-09-50PM,4498.0
439,1454317790941,2016-02-01-5-09-50PM,4665.0
440,1454317791116,2016-02-01-5-09-51PM,4637.0
441,1454317791298,2016-02-01-5-09-51PM,4510.0
442,1454317791477,2016-02-01-5-09-51PM,4814.0
443,1454317791654,2016-02-01-5-09-51PM,4582.0
444,1454317791839,2016-02-01-5-09-51PM,4461.0
445,1454317792021,2016-02-01-5-09-52PM,4469.0
446,1454317792198,2016-02-01-5-09-52PM,4429.0
447,1454317792382,2016-02-01-5-09-52PM,4362.0
448,1454317792565,2016-02-01-5-09-52PM,4093.0
449,1454317792744,2016-02-01-5-09-52PM,3872.0
450,1454317792926,2016-02-01-5-09-52PM,3725.0
451,1454317793108,2016-02-01-5-09-53PM,3806.0
452,1454317793289,2016-02-01-5-09-53PM,3787.0
453,1454317793472,2016-02-01-5-09-53PM,3858.0
454,1454317793656,2016-02-01-5-09-53PM,3890.0
455,1454317793833,2016-02-01-5-09-53PM,3644.0
456,1454317794012,2016-02-01-5-09-54PM,3684.0
457,1454317794196,2016-02-01-5-09-54PM,3543.0
458,1454317794374,2016-02-01-5-09-54PM,3717.0
459,1454317794553,2016-02-01-5-09-54PM,4353.0
460,1454317794734,2016-02-01-5-09-54PM,4877.0
461,1454317794914,2016-02-01-5-09-54PM,5183.0
462,1454317795094,2016-02-01-5-09-55PM,5497.0
463,1454317795278,2016-02-01-5-09-55PM,5434.0
464,1454317795457,2016-02-01-5-09-55PM,5473.0
465,1454317795635,2016-02-01-5-09-55PM,5567.0
466,1454317795819,2016-02-01-5-09-55PM,5520.0
467,1454317796001,2016-02-01-5-09-56PM,5142.0
468,1454317796179,2016-02-01-5-09-56PM,5175.0
469,1454317796362,2016-02-01-5-09-56PM,4991.0
470,1454317796541,2016-02-01-5-09-56PM,4693.0
471,1454317796719,2016-02-01-5-09-56PM,4952.0
472,1454317796901,2016-02-01-5-09-56PM,5075.0
473,1454317797084,2016-02-01-5-09-57PM,5085.0
474,1454317797261,2016-02-01-5-09-57PM,5009.0
475,1454317797448,2016-02-01-5-09-57PM,4994.0
476,1454317797628,2016-02-01-5-09-57PM,5165.0
477,1454317797807,2016-02-01-5-09-57PM,5483.0
478,1454317797990,2016-02-01-5-09-57PM,5524.0
479,1454317798168,2016-02-01-5-09-58PM,5398.0
480,1454317798345,2016-02-01-5-09-58PM,5276.0
481,1454317798525,2016-02-01-5-09-58PM,4760.0
482,1454317798704,2016-02-01-5-09-58PM,4706.0
483,1454317798884,2016-02-01-5-09-58PM,4683.0
484,1454317799064,2016-02-01-5-09-59PM,4704.0
485,1454317799246,2016-02-01-5-09-59PM,4513.0
486,1454317799427,2016-02-01-5-09-59PM,4694.0
487,1454317799605,2016-02-01-5-09-59PM,4733.0
488,1454317799788,2016-02-01-5-09-59PM,4716.0
489,1454317799966,2016-02-01-5-09-59PM,4813.0
490,1454317800142,2016-02-01-5-10-00PM,4886.0
491,1454317800329,2016-02-01-5-10-00PM,4877.0
492,1454317800509,2016-02-01-5-10-00PM,4843.0
493,1454317800690,2016-02-01-5-10-00PM,4964.0
494,1454317800873,2016-02-01-5-10-00PM,5005.0
495,1454317801054,2016-02-01-5-10-01PM,4804.0
496,1454317801232,2016-02-01-5-10-01PM,4382.0
497,1454317801411,2016-02-01-5-10-01PM,4100.0
498,1454317801597,2016-02-01-5-10-01PM,3605.0
499,1454317801777,2016-02-01-5-10-01PM,3268.0
500,1454317801957,2016-02-01-5-10-01PM,3417.0
501,1454317802138,2016-02-01-5-10-02PM,3878.0
502,1454317802318,2016-02-01-5-10-02PM,4362.0
503,1454317802499,2016-02-01-5-10-02PM,5013.0
504,1454317802677,2016-02-01-5-10-02PM,5460.0
505,1454317802861,2016-02-01-5-10-02PM,5557.0
506,1454317803045,2016-02-01-5-10-03PM,5423.0
507,1454317803227,2016-02-01-5-10-03PM,5436.0
508,1454317803408,2016-02-01-5-10-03PM,5342.0
509,1454317803588,2016-02-01-5-10-03PM,5027.0
510,1454317803763,2016-02-01-5-10-03PM,4856.0
511,1454317803944,2016-02-01-5-10-03PM,4934.0
512,1454317804128,2016-02-01-5-10-04PM,4850.0
513,1454317804309,2016-02-01-5-10-04PM,4746.0
514,1454317804488,2016-02-01-5-10-04PM,4803.0
515,1454317804671,2016-02-01-5-10-04PM,5241.0
516,1454317804853,2016-02-01-5-10-04PM,5579.0
517,1454317805034,2016-02-01-5-10-05PM,5281.0
518,1454317805215,2016-02-01-5-10-05PM,4536.0
519,1454317805400,2016-02-01-5-10-05PM,4138.0
520,1454317805573,2016-02-01-5-10-05PM,4217.0
521,1454317805755,2016-02-01-5-10-05PM,4353.0
522,1454317805935,2016-02-01-5-10-05PM,4226.0
523,1454317806115,2016-02-01-5-10-06PM,4253.0
524,1454317806293,2016-02-01-5-10-06PM,4279.0
525,1454317806477,2016-02-01-5-10-06PM,4503.0
526,1454317806654,2016-02-01-5-10-06PM,4333.0
527,1454317806832,2016-02-01-5-10-06PM,4575.0
528,1454317807012,2016-02-01-5-10-07PM,4713.0
529,1454317807191,2016-02-01-5-10-07PM,4851.0
530,1454317807368,2016-02-01-5-10-07PM,4746.0
531,1454317807546,2016-02-01-5-10-07PM,4323.0
532,1454317807729,2016-02-01-5-10-07PM,3938.0
533,1454317807912,2016-02-01-5-10-07PM,3518.0
534,1454317808092,2016-02-01-5-10-08PM,2898.0
535,1454317808274,2016-02-01-5-10-08PM,2833.0
536,1454317808458,2016-02-01-5-10-08PM,2657.0
537,1454317808635,2016-02-01-5-10-08PM,2718.0
538,1454317808811,2016-02-01-5-10-08PM,2838.0
539,1454317808994,2016-02-01-5-10-08PM,3092.0
540,1454317809175,2016-02-01-5-10-09PM,3402.0
541,1454317809357,2016-02-01-5-10-09PM,3848.0
542,1454317809540,2016-02-01-5-10-09PM,4208.0
543,1454317809718,2016-02-01-5-10-09PM,4468.0
544,1454317809898,2016-02-01-5-10-09PM,4721.0
545,1454317810079,2016-02-01-5-10-10PM,4987.0
546,1454317810260,2016-02-01-5-10-10PM,4794.0
547,1454317810438,2016-02-01-5-10-10PM,4763.0
548,1454317810615,2016-02-01-5-10-10PM,5043.0
549,1454317810800,2016-02-01-5-10-10PM,5565.0
550,1454317810983,2016-02-01-5-10-10PM,5456.0
551,1454317811159,2016-02-01-5-10-11PM,5193.0
552,1454317811342,2016-02-01-5-10-11PM,5117.0
553,1454317811522,2016-02-01-5-10-11PM,5165.0
554,1454317811703,2016-02-01-5-10-11PM,5256.0
555,1454317811885,2016-02-01-5-10-11PM,5109.0
556,1454317812064,2016-02-01-5-10-12PM,5057.0
557,1454317812242,2016-02-01-5-10-12PM,5028.0
558,1454317812425,2016-02-01-5-10-12PM,5030.0
559,1454317812610,2016-02-01-5-10-12PM,5176.0
560,1454317812785,2016-02-01-5-10-12PM,5217.0
561,1454317812966,2016-02-01-5-10-12PM,5056.0
562,1454317813150,2016-02-01-5-10-13PM,5015.0
563,1454317813331,2016-02-01-5-10-13PM,5154.0
564,1454317813511,2016-02-01-5-10-13PM,5157.0
565,1454317813693,2016-02-01-5-10-13PM,5143.0
566,1454317813877,2016-02-01-5-10-13PM,5010.0
567,1454317814052,2016-02-01-5-10-14PM,5023.0
568,1454317814233,2016-02-01-5-10-14PM,5062.0
569,1454317814416,2016-02-01-5-10-14PM,5059.0
570,1454317814599,2016-02-01-5-10-14PM,5065.0
571,1454317814781,2016-02-01-5-10-14PM,5133.0
572,1454317814963,2016-02-01-5-10-14PM,5155.0
573,1454317815145,2016-02-01-5-10-15PM,5102.0
574,1454317815323,2016-02-01-5-10-15PM,5046.0
575,1454317815502,2016-02-01-5-10-15PM,5092.0
576,1454317815686,2016-02-01-5-10-15PM,5072.0
577,1454317815870,2016-02-01-5-10-15PM,5103.0
578,1454317816048,2016-02-01-5-10-16PM,5100.0
579,1454317816230,2016-02-01-5-10-16PM,5105.0
580,1454317816413,2016-02-01-5-10-16PM,5118.0
581,1454317816595,2016-02-01-5-10-16PM,5113.0
582,1454317816770,2016-02-01-5-10-16PM,5083.0
583,1454317816951,2016-02-01-5-10-16PM,5053.0
584,1454317817196,2016-02-01-5-10-17PM,5065.0
585,1454317817376,2016-02-01-5-10-17PM,5053.0
586,1454317817559,2016-02-01-5-10-17PM,5005.0
587,1454317817740,2016-02-01-5-10-17PM,5000.0
588,1454317817920,2016-02-01-5-10-17PM,5000.0
589,1454317818104,2016-02-01-5-10-18PM,5014.0
590,1454317818282,2016-02-01-5-10-18PM,5017.0
591,1454317818466,2016-02-01-5-10-18PM,5050.0
592,1454317818646,2016-02-01-5-10-18PM,5034.0
593,1454317818827,2016-02-01-5-10-18PM,5024.0
594,1454317819009,2016-02-01-5-10-19PM,5031.0
595,1454317819190,2016-02-01-5-10-19PM,5026.0
596,1454317828142,2016-02-01-5-10-28PM,5265.0
597,1454317828324,2016-02-01-5-10-28PM,5276.0
598,1454317828504,2016-02-01-5-10-28PM,5286.0
599,1454317828687,2016-02-01-5-10-28PM,5317.0
600,1454317828869,2016-02-01-5-10-28PM,5322.0
601,1454317829064,2016-02-01-5-10-29PM,5326.0
602,1454317836178,2016-02-01-5-10-36PM,5708.0
603,1454317836358,2016-02-01-5-10-36PM,5800.0
604,1454317836538,2016-02-01-5-10-36PM,6149.0
605,1454317836718,2016-02-01-5-10-36PM,6105.0
606,1454317836902,2016-02-01-5-10-36PM,6231.0
607,1454317837084,2016-02-01-5-10-37PM,6384.0
608,1454317837263,2016-02-01-5-10-37PM,6465.0
609,1454317837444,2016-02-01-5-10-37PM,6096.0
610,1454317837626,2016-02-01-5-10-37PM,6037.0
611,1454317837808,2016-02-01-5-10-37PM,6016.0
612,1454317837988,2016-02-01-5-10-37PM,5371.0
613,1454317838166,2016-02-01-5-10-38PM,5230.0
614,1454317838345,2016-02-01-5-10-38PM,4497.0
615,1454317838527,2016-02-01-5-10-38PM,3835.0
616,1454317838716,2016-02-01-5-10-38PM,3972.0
617,1454317838885,2016-02-01-5-10-38PM,4181.0
618,1454317839065,2016-02-01-5-10-39PM,4669.0
619,1454317839247,2016-02-01-5-10-39PM,4849.0
620,1454317839430,2016-02-01-5-10-39PM,4852.0
621,1454317839609,2016-02-01-5-10-39PM,4639.0
622,1454317839791,2016-02-01-5-10-39PM,4924.0
623,1454317839975,2016-02-01-5-10-39PM,4810.0
624,1454317840159,2016-02-01-5-10-40PM,4771.0
625,1454317840341,2016-02-01-5-10-40PM,5179.0
626,1454317840520,2016-02-01-5-10-40PM,4972.0
627,1454317840704,2016-02-01-5-10-40PM,5412.0
628,1454317840887,2016-02-01-5-10-40PM,5177.0
629,1454317841069,2016-02-01-5-10-41PM,5229.0
630,1454317841248,2016-02-01-5-10-41PM,4659.0
631,1454317841431,2016-02-01-5-10-41PM,4529.0
632,1454317841610,2016-02-01-5-10-41PM,4918.0
633,1454317841784,2016-02-01-5-10-41PM,5051.0
634,1454317841972,2016-02-01-5-10-41PM,5276.0
635,1454317842150,2016-02-01-5-10-42PM,5126.0
636,1454317842329,2016-02-01-5-10-42PM,5197.0
637,1454317842508,2016-02-01-5-10-42PM,4623.0
638,1454317842692,2016-02-01-5-10-42PM,4401.0
639,1454317842873,2016-02-01-5-10-42PM,4848.0
640,1454317843049,2016-02-01-5-10-43PM,4561.0
641,1454317843232,2016-02-01-5-10-43PM,4708.0
642,1454317843416,2016-02-01-5-10-43PM,4499.0
643,1454317843595,2016-02-01-5-10-43PM,4516.0
644,1454317843771,2016-02-01-5-10-43PM,4317.0
645,1454317843954,2016-02-01-5-10-43PM,4383.0
646,1454317844133,2016-02-01-5-10-44PM,4608.0
647,1454317844308,2016-02-01-5-10-44PM,4506.0
648,1454317844490,2016-02-01-5-10-44PM,4595.0
649,1454317844670,2016-02-01-5-10-44PM,4912.0
650,1454317844850,2016-02-01-5-10-44PM,4511.0
651,1454317845025,2016-02-01-5-10-45PM,4365.0
652,1454317845206,2016-02-01-5-10-45PM,4372.0
653,1454317845389,2016-02-01-5-10-45PM,4089.0
654,1454317845569,2016-02-01-5-10-45PM,3958.0
655,1454317845746,2016-02-01-5-10-45PM,4254.0
656,1454317845928,2016-02-01-5-10-45PM,4715.0
657,1454317846108,2016-02-01-5-10-46PM,4682.0
658,1454317846287,2016-02-01-5-10-46PM,3721.0
659,1454317846464,2016-02-01-5-10-46PM,3545.0
660,1454317846645,2016-02-01-5-10-46PM,3661.0
661,1454317846827,2016-02-01-5-10-46PM,3631.0
662,1454317847004,2016-02-01-5-10-47PM,3662.0
663,1454317847181,2016-02-01-5-10-47PM,4106.0
664,1454317847362,2016-02-01-5-10-47PM,3809.0
665,1454317847539,2016-02-01-5-10-47PM,3710.0
666,1454317847724,2016-02-01-5-10-47PM,3944.0
667,1454317847896,2016-02-01-5-10-47PM,4162.0
668,1454317848079,2016-02-01-5-10-48PM,3921.0
669,1454317848260,2016-02-01-5-10-48PM,3890.0
670,1454317848437,2016-02-01-5-10-48PM,4267.0
671,1454317848616,2016-02-01-5-10-48PM,5170.0
672,1454317848801,2016-02-01-5-10-48PM,4492.0
673,1454317848978,2016-02-01-5-10-48PM,4335.0
674,1454317849157,2016-02-01-5-10-49PM,4378.0
675,1454317849338,2016-02-01-5-10-49PM,4059.0
676,1454317849520,2016-02-01-5-10-49PM,3782.0
677,1454317849699,2016-02-01-5-10-49PM,3958.0
678,1454317849877,2016-02-01-5-10-49PM,3965.0
679,1454317850058,2016-02-01-5-10-50PM,3491.0
680,1454317850238,2016-02-01-5-10-50PM,3977.0
681,1454317850415,2016-02-01-5-10-50PM,4294.0
682,1454317850593,2016-02-01-5-10-50PM,4517.0
683,1454317850778,2016-02-01-5-10-50PM,4600.0
684,1454317850960,2016-02-01-5-10-50PM,4372.0
685,1454317851141,2016-02-01-5-10-51PM,4258.0
686,1454317851321,2016-02-01-5-10-51PM,3547.0
687,1454317851505,2016-02-01-5-10-51PM,3900.0
688,1454317851688,2016-02-01-5-10-51PM,4011.0
689,1454317851867,2016-02-01-5-10-51PM,3980.0
690,1454317852046,2016-02-01-5-10-52PM,4025.0
691,1454317852231,2016-02-01-5-10-52PM,3877.0
692,1454317852410,2016-02-01-5-10-52PM,3957.0
693,1454317852585,2016-02-01-5-10-52PM,4092.0
694,1454317852763,2016-02-01-5-10-52PM,4239.0
695,1454317852944,2016-02-01-5-10-52PM,4028.0
696,1454317853127,2016-02-01-5-10-53PM,4089.0
697,1454317853303,2016-02-01-5-10-53PM,3653.0
698,1454317853483,2016-02-01-5-10-53PM,3527.0
699,1454317853667,2016-02-01-5-10-53PM,3846.0
700,1454317853848,2016-02-01-5-10-53PM,4612.0
701,1454317854027,2016-02-01-5-10-54PM,4885.0
702,1454317854204,2016-02-01-5-10-54PM,4785.0
703,1454317854386,2016-02-01-5-10-54PM,4689.0
704,1454317854565,2016-02-01-5-10-54PM,4740.0
705,1454317854745,2016-02-01-5-10-54PM,5031.0
706,1454317854922,2016-02-01-5-10-54PM,4951.0
707,1454317855105,2016-02-01-5-10-55PM,5095.0
708,1454317855286,2016-02-01-5-10-55PM,4888.0
709,1454317855463,2016-02-01-5-10-55PM,4468.0
710,1454317855640,2016-02-01-5-10-55PM,4793.0
711,1454317855820,2016-02-01-5-10-55PM,4705.0
712,1454317856001,2016-02-01-5-10-56PM,4674.0
713,1454317856184,2016-02-01-5-10-56PM,4721.0
714,1454317856361,2016-02-01-5-10-56PM,4785.0
715,1454317856542,2016-02-01-5-10-56PM,5051.0
716,1454317856725,2016-02-01-5-10-56PM,4998.0
717,1454317856905,2016-02-01-5-10-56PM,4925.0
718,1454317857082,2016-02-01-5-10-57PM,4351.0
719,1454317857260,2016-02-01-5-10-57PM,3564.0
720,1454317857443,2016-02-01-5-10-57PM,3909.0
721,1454317857621,2016-02-01-5-10-57PM,4670.0
722,1454317857798,2016-02-01-5-10-57PM,5301.0
723,1454317857976,2016-02-01-5-10-57PM,5981.0
724,1454317858157,2016-02-01-5-10-58PM,6412.0
725,1454317858338,2016-02-01-5-10-58PM,5618.0
726,1454317858519,2016-02-01-5-10-58PM,4925.0
727,1454317858693,2016-02-01-5-10-58PM,5746.0
728,1454317858873,2016-02-01-5-10-58PM,7215.0
729,1454317859056,2016-02-01-5-10-59PM,7495.0
730,1454317859238,2016-02-01-5-10-59PM,7327.0
731,1454317859416,2016-02-01-5-10-59PM,7363.0
732,1454317859594,2016-02-01-5-10-59PM,6661.0
733,1454317859774,2016-02-01-5-10-59PM,5856.0
734,1454317859959,2016-02-01-5-10-59PM,7036.0
735,1454317860134,2016-02-01-5-11-00PM,8218.0
736,1454317860318,2016-02-01-5-11-00PM,8000.0
737,1454317860496,2016-02-01-5-11-00PM,7824.0
738,1454317860679,2016-02-01-5-11-00PM,7976.0
739,1454317860858,2016-02-01-5-11-00PM,7546.0
740,1454317861037,2016-02-01-5-11-01PM,6880.0
741,1454317861211,2016-02-01-5-11-01PM,6925.0
742,1454317861390,2016-02-01-5-11-01PM,7125.0
743,1454317861575,2016-02-01-5-11-01PM,6958.0
744,1454317861758,2016-02-01-5-11-01PM,7147.0
745,1454317861934,2016-02-01-5-11-01PM,6482.0
746,1454317862114,2016-02-01-5-11-02PM,6829.0
747,1454317862296,2016-02-01-5-11-02PM,6862.0
748,1454317862478,2016-02-01-5-11-02PM,7253.0
749,1454317862655,2016-02-01-5-11-02PM,8108.0
750,1454317862832,2016-02-01-5-11-02PM,7601.0
751,1454317863012,2016-02-01-5-11-03PM,7511.0
752,1454317863197,2016-02-01-5-11-03PM,8543.0
753,1454317863381,2016-02-01-5-11-03PM,8431.0
754,1454317863559,2016-02-01-5-11-03PM,8591.0
755,1454317863734,2016-02-01-5-11-03PM,8457.0
756,1454317863916,2016-02-01-5-11-03PM,8241.0
757,1454317864099,2016-02-01-5-11-04PM,8273.0
758,1454317864281,2016-02-01-5-11-04PM,8085.0
759,1454317864462,2016-02-01-5-11-04PM,8480.0
760,1454317864641,2016-02-01-5-11-04PM,8283.0
761,1454317864824,2016-02-01-5-11-04PM,8459.0
762,1454317865002,2016-02-01-5-11-05PM,8108.0
763,1454317865179,2016-02-01-5-11-05PM,8604.0
764,1454317865359,2016-02-01-5-11-05PM,9076.0
765,1454317865540,2016-02-01-5-11-05PM,8956.0
766,1454317865721,2016-02-01-5-11-05PM,8986.0
767,1454317865900,2016-02-01-5-11-05PM,8392.0
768,1454317866076,2016-02-01-5-11-06PM,8315.0
769,1454317866252,2016-02-01-5-11-06PM,6811.0
770,1454317866435,2016-02-01-5-11-06PM,8679.0
771,1454317866620,2016-02-01-5-11-06PM,8594.0
772,1454317866802,2016-02-01-5-11-06PM,8635.0
773,1454317866982,2016-02-01-5-11-06PM,8770.0
774,1454317867162,2016-02-01-5-11-07PM,8023.0
775,1454317867342,2016-02-01-5-11-07PM,8398.0
776,1454317867523,2016-02-01-5-11-07PM,7081.0
777,1454317867700,2016-02-01-5-11-07PM,4844.0
778,1454317867878,2016-02-01-5-11-07PM,7703.0
779,1454317868053,2016-02-01-5-11-08PM,3420.0
780,1454317868238,2016-02-01-5-11-08PM,2251.0
781,1454317868419,2016-02-01-5-11-08PM,7928.0
782,1454317868592,2016-02-01-5-11-08PM,5188.0
783,1454317868770,2016-02-01-5-11-08PM,8260.0
784,1454317868949,2016-02-01-5-11-08PM,8069.0
785,1454317869129,2016-02-01-5-11-09PM,6957.0
786,1454317869309,2016-02-01-5-11-09PM,9003.0
787,1454317869492,2016-02-01-5-11-09PM,8411.0
788,1454317869675,2016-02-01-5-11-09PM,8835.0
789,1454317869858,2016-02-01-5-11-09PM,9499.0
790,1454317870036,2016-02-01-5-11-10PM,8293.0
791,1454317870218,2016-02-01-5-11-10PM,8318.0
792,1454317870399,2016-02-01-5-11-10PM,1909.0
793,1454317870583,2016-02-01-5-11-10PM,8422.0
794,1454317870763,2016-02-01-5-11-10PM,8809.0
795,1454317870949,2016-02-01-5-11-10PM,8433.0
796,1454317871127,2016-02-01-5-11-11PM,8451.0
797,1454317871315,2016-02-01-5-11-11PM,8096.0
798,1454317871492,2016-02-01-5-11-11PM,7826.0
799,1454317872035,2016-02-01-5-11-12PM,8494.0
800,1454317872149,2016-02-01-5-11-12PM,8997.0
801,1454317872150,2016-02-01-5-11-12PM,8997.0
802,1454317872297,2016-02-01-5-11-12PM,8285.0
803,1454317872472,2016-02-01-5-11-12PM,7541.0
804,1454317872651,2016-02-01-5-11-12PM,5191.0
805,1454317872834,2016-02-01-5-11-12PM,5430.0
806,1454317873019,2016-02-01-5-11-13PM,5553.0
807,1454317873199,2016-02-01-5-11-13PM,6241.0
808,1454317873376,2016-02-01-5-11-13PM,7649.0
809,1454317873556,2016-02-01-5-11-13PM,8833.0
810,1454317873734,2016-02-01-5-11-13PM,9590.0
811,1454317873918,2016-02-01-5-11-13PM,8747.0
812,1454317874096,2016-02-01-5-11-14PM,7672.0
813,1454317874276,2016-02-01-5-11-14PM,7370.0
814,1454317874451,2016-02-01-5-11-14PM,8137.0
815,1454317874633,2016-02-01-5-11-14PM,7383.0
816,1454317874818,2016-02-01-5-11-14PM,7701.0
817,1454317874999,2016-02-01-5-11-14PM,6956.0
818,1454317875176,2016-02-01-5-11-15PM,6181.0
819,1454317875356,2016-02-01-5-11-15PM,6850.0
820,1454317875536,2016-02-01-5-11-15PM,7173.0
821,1454317875718,2016-02-01-5-11-15PM,6237.0
822,1454317875898,2016-02-01-5-11-15PM,5556.0
823,1454317876078,2016-02-01-5-11-16PM,6557.0
824,1454317876256,2016-02-01-5-11-16PM,7908.0
825,1454317876434,2016-02-01-5-11-16PM,6736.0
826,1454317876617,2016-02-01-5-11-16PM,6848.0
827,1454317876802,2016-02-01-5-11-16PM,7360.0
828,1454317876983,2016-02-01-5-11-16PM,5926.0
829,1454317877163,2016-02-01-5-11-17PM,5842.0
830,1454317877341,2016-02-01-5-11-17PM,7213.0
831,1454317877522,2016-02-01-5-11-17PM,7080.0
832,1454317877707,2016-02-01-5-11-17PM,6203.0
833,1454317877888,2016-02-01-5-11-17PM,5377.0
834,1454317878065,2016-02-01-5-11-18PM,5182.0
835,1454317878244,2016-02-01-5-11-18PM,4573.0
836,1454317878424,2016-02-01-5-11-18PM,4132.0
837,1454317878606,2016-02-01-5-11-18PM,4492.0
838,1454317878789,2016-02-01-5-11-18PM,5452.0
839,1454317878970,2016-02-01-5-11-18PM,3849.0
840,1454317879148,2016-02-01-5-11-19PM,3037.0
841,1454317879330,2016-02-01-5-11-19PM,4928.0
842,1454317879508,2016-02-01-5-11-19PM,4818.0
843,1454317879689,2016-02-01-5-11-19PM,3771.0
844,1454317879867,2016-02-01-5-11-19PM,4673.0
845,1454317880046,2016-02-01-5-11-20PM,2763.0
846,1454317880228,2016-02-01-5-11-20PM,2608.0
847,1454317880407,2016-02-01-5-11-20PM,3632.0
848,1454317880584,2016-02-01-5-11-20PM,3195.0
849,1454317880761,2016-02-01-5-11-20PM,2836.0
850,1454317880942,2016-02-01-5-11-20PM,3344.0
851,1454317881126,2016-02-01-5-11-21PM,5605.0
852,1454317881307,2016-02-01-5-11-21PM,4432.0
853,1454317881485,2016-02-01-5-11-21PM,2631.0
854,1454317881661,2016-02-01-5-11-21PM,2442.0
855,1454317881844,2016-02-01-5-11-21PM,2898.0
856,1454317882028,2016-02-01-5-11-22PM,3802.0
857,1454317882207,2016-02-01-5-11-22PM,3319.0
858,1454317882386,2016-02-01-5-11-22PM,2718.0
859,1454317882563,2016-02-01-5-11-22PM,2438.0
860,1454317882743,2016-02-01-5-11-22PM,2064.0
861,1454317882920,2016-02-01-5-11-22PM,1758.0
862,1454317883101,2016-02-01-5-11-23PM,1686.0
863,1454317883283,2016-02-01-5-11-23PM,1607.0
864,1454317883462,2016-02-01-5-11-23PM,1329.0
865,1454317883639,2016-02-01-5-11-23PM,1239.0
866,1454317883819,2016-02-01-5-11-23PM,1203.0
867,1454317883998,2016-02-01-5-11-23PM,1086.0
868,1454317884182,2016-02-01-5-11-24PM,718.0
869,1454317884362,2016-02-01-5-11-24PM,657.0
870,1454317884543,2016-02-01-5-11-24PM,662.0
871,1454317884718,2016-02-01-5-11-24PM,764.0
872,1454317884899,2016-02-01-5-11-24PM,903.0
873,1454317885081,2016-02-01-5-11-25PM,807.0
874,1454317885262,2016-02-01-5-11-25PM,694.0
875,1454317885442,2016-02-01-5-11-25PM,523.0
876,1454317885621,2016-02-01-5-11-25PM,549.0
877,1454317885800,2016-02-01-5-11-25PM,584.0
878,1454317885978,2016-02-01-5-11-25PM,540.0
879,1454317886162,2016-02-01-5-11-26PM,512.0
880,1454317886340,2016-02-01-5-11-26PM,523.0
881,1454317886517,2016-02-01-5-11-26PM,495.0
882,1454317886694,2016-02-01-5-11-26PM,440.0
883,1454317886875,2016-02-01-5-11-26PM,415.0
884,1454317887053,2016-02-01-5-11-27PM,385.0
885,1454317887237,2016-02-01-5-11-27PM,363.0
886,1454317887417,2016-02-01-5-11-27PM,314.0
887,1454317887597,2016-02-01-5-11-27PM,280.0
888,1454317887777,2016-02-01-5-11-27PM,252.0
889,1454317887955,2016-02-01-5-11-27PM,212.0
890,1454317888137,2016-02-01-5-11-28PM,184.0
891,1454317888318,2016-02-01-5-11-28PM,167.0
892,1454317888500,2016-02-01-5-11-28PM,162.0
893,1454317888679,2016-02-01-5-11-28PM,143.0
894,1454317888859,2016-02-01-5-11-28PM,104.0
895,1454317889038,2016-02-01-5-11-29PM,78.0
896,1454317889220,2016-02-01-5-11-29PM,63.0
897,1454317889403,2016-02-01-5-11-29PM,58.0
898,1454317889583,2016-02-01-5-11-29PM,54.0
899,1454317889764,2016-02-01-5-11-29PM,68.0
900,1454317889943,2016-02-01-5-11-29PM,61.0
901,1454317890123,2016-02-01-5-11-30PM,47.0
902,1454317890306,2016-02-01-5-11-30PM,39.0
903,1454317890490,2016-02-01-5-11-30PM,34.0
904,1454317890670,2016-02-01-5-11-30PM,29.0
905,1454317890847,2016-02-01-5-11-30PM,28.0
906,1454317891023,2016-02-01-5-11-31PM,25.0
907,1454317891204,2016-02-01-5-11-31PM,25.0
908,1454317891384,2016-02-01-5-11-31PM,25.0
909,1454317891567,2016-02-01-5-11-31PM,25.0
910,1454317891745,2016-02-01-5-11-31PM,23.0
911,1454317891924,2016-02-01-5-11-31PM,23.0
912,1454317892101,2016-02-01-5-11-32PM,23.0
913,1454317892279,2016-02-01-5-11-32PM,23.0
914,1454317892458,2016-02-01-5-11-32PM,24.0
915,1454317892642,2016-02-01-5-11-32PM,23.0
916,1454317892823,2016-02-01-5-11-32PM,23.0
917,1454317893005,2016-02-01-5-11-33PM,23.0
918,1454317893185,2016-02-01-5-11-33PM,22.0
919,1454317893365,2016-02-01-5-11-33PM,21.0
920,1454317893544,2016-02-01-5-11-33PM,22.0
921,1454317893721,2016-02-01-5-11-33PM,23.0
922,1454317893906,2016-02-01-5-11-33PM,22.0
923,1454317894087,2016-02-01-5-11-34PM,23.0
924,1454317894269,2016-02-01-5-11-34PM,23.0
925,1454317894447,2016-02-01-5-11-34PM,21.0
926,1454317894624,2016-02-01-5-11-34PM,23.0
927,1454317894803,2016-02-01-5-11-34PM,24.0
928,1454317894981,2016-02-01-5-11-34PM,28.0
929,1454317895161,2016-02-01-5-11-35PM,32.0
930,1454317895340,2016-02-01-5-11-35PM,32.0
931,1454317895522,2016-02-01-5-11-35PM,43.0
932,1454317895698,2016-02-01-5-11-35PM,101.0
933,1454317895878,2016-02-01-5-11-35PM,123.0
934,1454317896061,2016-02-01-5-11-36PM,158.0
935,1454317896241,2016-02-01-5-11-36PM,212.0
936,1454317896422,2016-02-01-5-11-36PM,265.0
937,1454317896603,2016-02-01-5-11-36PM,282.0
938,1454317896780,2016-02-01-5-11-36PM,310.0
939,1454317896961,2016-02-01-5-11-36PM,374.0
940,1454317897140,2016-02-01-5-11-37PM,398.0
941,1454317897314,2016-02-01-5-11-37PM,405.0
942,1454317897492,2016-02-01-5-11-37PM,404.0
943,1454317897669,2016-02-01-5-11-37PM,388.0
944,1454317897853,2016-02-01-5-11-37PM,372.0
945,1454317898037,2016-02-01-5-11-38PM,367.0
946,1454317898217,2016-02-01-5-11-38PM,370.0
947,1454317898398,2016-02-01-5-11-38PM,303.0
948,1454317898578,2016-02-01-5-11-38PM,253.0
949,1454317898752,2016-02-01-5-11-38PM,224.0
950,1454317898938,2016-02-01-5-11-38PM,217.0
951,1454317899119,2016-02-01-5-11-39PM,208.0
952,1454317899301,2016-02-01-5-11-39PM,262.0
953,1454317899482,2016-02-01-5-11-39PM,686.0
954,1454317899662,2016-02-01-5-11-39PM,862.0
955,1454317899836,2016-02-01-5-11-39PM,1113.0
956,1454317900017,2016-02-01-5-11-40PM,1438.0
957,1454317900196,2016-02-01-5-11-40PM,1453.0
958,1454317900379,2016-02-01-5-11-40PM,1168.0
959,1454317900562,2016-02-01-5-11-40PM,1561.0
960,1454317900745,2016-02-01-5-11-40PM,2699.0
961,1454317900926,2016-02-01-5-11-40PM,2913.0
962,1454317901104,2016-02-01-5-11-41PM,2763.0
963,1454317901281,2016-02-01-5-11-41PM,2701.0
964,1454317901459,2016-02-01-5-11-41PM,2614.0
965,1454317901639,2016-02-01-5-11-41PM,2175.0
966,1454317901821,2016-02-01-5-11-41PM,2220.0
967,1454317902004,2016-02-01-5-11-42PM,2671.0
968,1454317902182,2016-02-01-5-11-42PM,2822.0
969,1454317902361,2016-02-01-5-11-42PM,2831.0
970,1454317902536,2016-02-01-5-11-42PM,3068.0
971,1454317902718,2016-02-01-5-11-42PM,3101.0
972,1454317902898,2016-02-01-5-11-42PM,2753.0
973,1454317903078,2016-02-01-5-11-43PM,2731.0
974,1454317903260,2016-02-01-5-11-43PM,3343.0
975,1454317903438,2016-02-01-5-11-43PM,3386.0
976,1454317903618,2016-02-01-5-11-43PM,3179.0
977,1454317903799,2016-02-01-5-11-43PM,3100.0
978,1454317903978,2016-02-01-5-11-43PM,3112.0
979,1454317904157,2016-02-01-5-11-44PM,2789.0
980,1454317904337,2016-02-01-5-11-44PM,2663.0
981,1454317904519,2016-02-01-5-11-44PM,3577.0
982,1454317904697,2016-02-01-5-11-44PM,3919.0
983,1454317904874,2016-02-01-5-11-44PM,4109.0
984,1454317905053,2016-02-01-5-11-45PM,4268.0
985,1454317905233,2016-02-01-5-11-45PM,4511.0
986,1454317905411,2016-02-01-5-11-45PM,3986.0
987,1454317905597,2016-02-01-5-11-45PM,3425.0
988,1454317905777,2016-02-01-5-11-45PM,4156.0
989,1454317905957,2016-02-01-5-11-45PM,4296.0
990,1454317906136,2016-02-01-5-11-46PM,4079.0
991,1454317906314,2016-02-01-5-11-46PM,4333.0
992,1454317906491,2016-02-01-5-11-46PM,4326.0
993,1454317906669,2016-02-01-5-11-46PM,4207.0
994,1454317906849,2016-02-01-5-11-46PM,4133.0
995,1454317907030,2016-02-01-5-11-47PM,4438.0
996,1454317907211,2016-02-01-5-11-47PM,4365.0
997,1454317907389,2016-02-01-5-11-47PM,3958.0
998,1454317907568,2016-02-01-5-11-47PM,3953.0
999,1454317907746,2016-02-01-5-11-47PM,3883.0
1000,1454317907927,2016-02-01-5-11-47PM,3817.0
1001,1454317908106,2016-02-01-5-11-48PM,3498.0
1002,1454317908286,2016-02-01-5-11-48PM,3823.0
1003,1454317908469,2016-02-01-5-11-48PM,4014.0
1004,1454317908648,2016-02-01-5-11-48PM,3808.0
1005,1454317908827,2016-02-01-5-11-48PM,3647.0
1006,1454317909007,2016-02-01-5-11-49PM,3669.0
1007,1454317909185,2016-02-01-5-11-49PM,3687.0
1008,1454317909362,2016-02-01-5-11-49PM,3595.0
1009,1454317909544,2016-02-01-5-11-49PM,4002.0
1010,1454317909725,2016-02-01-5-11-49PM,4414.0
1011,1454317909907,2016-02-01-5-11-49PM,4725.0
1012,1454317910088,2016-02-01-5-11-50PM,4902.0
1013,1454317910270,2016-02-01-5-11-50PM,5192.0
1014,1454317910449,2016-02-01-5-11-50PM,4729.0
1015,1454317910630,2016-02-01-5-11-50PM,4232.0
1016,1454317910810,2016-02-01-5-11-50PM,4273.0
1017,1454317910989,2016-02-01-5-11-50PM,4324.0
1018,1454317911167,2016-02-01-5-11-51PM,4450.0
1019,1454317911345,2016-02-01-5-11-51PM,5117.0
1020,1454317911526,2016-02-01-5-11-51PM,5376.0
1021,1454317911704,2016-02-01-5-11-51PM,5028.0
1022,1454317911887,2016-02-01-5-11-51PM,4534.0
1023,1454317912068,2016-02-01-5-11-52PM,4476.0
1024,1454317912246,2016-02-01-5-11-52PM,4862.0
1025,1454317912429,2016-02-01-5-11-52PM,5025.0
1026,1454317912603,2016-02-01-5-11-52PM,4872.0
1027,1454317912783,2016-02-01-5-11-52PM,4980.0
1028,1454317912963,2016-02-01-5-11-52PM,4765.0
1029,1454317913140,2016-02-01-5-11-53PM,4415.0
1030,1454317913318,2016-02-01-5-11-53PM,4259.0
1031,1454317913499,2016-02-01-5-11-53PM,4641.0
1032,1454317913680,2016-02-01-5-11-53PM,5031.0
1033,1454317913863,2016-02-01-5-11-53PM,5236.0
1034,1454317914041,2016-02-01-5-11-54PM,5266.0
1035,1454317914221,2016-02-01-5-11-54PM,5211.0
1036,1454317914400,2016-02-01-5-11-54PM,4777.0
1037,1454317914580,2016-02-01-5-11-54PM,4454.0
1038,1454317914758,2016-02-01-5-11-54PM,4381.0
1039,1454317914939,2016-02-01-5-11-54PM,4324.0
1040,1454317915117,2016-02-01-5-11-55PM,3888.0
1041,1454317915293,2016-02-01-5-11-55PM,3932.0
1042,1454317915476,2016-02-01-5-11-55PM,4596.0
1043,1454317915655,2016-02-01-5-11-55PM,5030.0
1044,1454317915837,2016-02-01-5-11-55PM,5370.0
1045,1454317916015,2016-02-01-5-11-56PM,5379.0
1046,1454317916200,2016-02-01-5-11-56PM,5235.0
1047,1454317916378,2016-02-01-5-11-56PM,5161.0
1048,1454317916558,2016-02-01-5-11-56PM,4838.0
1049,1454317916738,2016-02-01-5-11-56PM,4544.0
1050,1454317916919,2016-02-01-5-11-56PM,4120.0
1051,1454317917097,2016-02-01-5-11-57PM,4126.0
1052,1454317917275,2016-02-01-5-11-57PM,4735.0
1053,1454317917454,2016-02-01-5-11-57PM,4863.0
1054,1454317917634,2016-02-01-5-11-57PM,4694.0
1055,1454317917815,2016-02-01-5-11-57PM,4640.0
1056,1454317917996,2016-02-01-5-11-57PM,4596.0
1057,1454317918174,2016-02-01-5-11-58PM,4520.0
1058,1454317918354,2016-02-01-5-11-58PM,4570.0
1059,1454317918534,2016-02-01-5-11-58PM,4770.0
1060,1454317918712,2016-02-01-5-11-58PM,4626.0
1061,1454317918889,2016-02-01-5-11-58PM,4424.0
1062,1454317919067,2016-02-01-5-11-59PM,4366.0
1063,1454317919247,2016-02-01-5-11-59PM,4404.0
1064,1454317919426,2016-02-01-5-11-59PM,4105.0
1065,1454317919608,2016-02-01-5-11-59PM,3919.0
1066,1454317919787,2016-02-01-5-11-59PM,4038.0
1067,1454317919966,2016-02-01-5-11-59PM,3907.0
1068,1454317920141,2016-02-01-5-12-00PM,3543.0
1069,1454317920325,2016-02-01-5-12-00PM,3826.0
1070,1454317920503,2016-02-01-5-12-00PM,3956.0
1071,1454317920682,2016-02-01-5-12-00PM,3429.0
1072,1454317920864,2016-02-01-5-12-00PM,3187.0
1073,1454317921047,2016-02-01-5-12-01PM,3978.0
1074,1454317921225,2016-02-01-5-12-01PM,4055.0
1075,1454317921405,2016-02-01-5-12-01PM,3987.0
1076,1454317921584,2016-02-01-5-12-01PM,4028.0
1077,1454317921763,2016-02-01-5-12-01PM,4020.0
1078,1454317921942,2016-02-01-5-12-01PM,3966.0
1079,1454317922122,2016-02-01-5-12-02PM,3849.0
1080,1454317922301,2016-02-01-5-12-02PM,4737.0
1081,1454317922483,2016-02-01-5-12-02PM,4911.0
1082,1454317922663,2016-02-01-5-12-02PM,4872.0
1083,1454317922841,2016-02-01-5-12-02PM,4874.0
1084,1454317923018,2016-02-01-5-12-03PM,5128.0
1085,1454317923198,2016-02-01-5-12-03PM,4843.0
1086,1454317923376,2016-02-01-5-12-03PM,4890.0
1087,1454317923556,2016-02-01-5-12-03PM,6388.0
1088,1454317923736,2016-02-01-5-12-03PM,6444.0
1089,1454317923919,2016-02-01-5-12-03PM,6018.0
1090,1454317924101,2016-02-01-5-12-04PM,5630.0
1091,1454317924280,2016-02-01-5-12-04PM,5822.0
1092,1454317924461,2016-02-01-5-12-04PM,5555.0
1093,1454317924641,2016-02-01-5-12-04PM,5415.0
1094,1454317924819,2016-02-01-5-12-04PM,6112.0
1095,1454317924998,2016-02-01-5-12-04PM,6057.0
1096,1454317925177,2016-02-01-5-12-05PM,6591.0
1097,1454317925362,2016-02-01-5-12-05PM,7106.0
1098,1454317925542,2016-02-01-5-12-05PM,6562.0
1099,1454317925723,2016-02-01-5-12-05PM,4883.0
1100,1454317925904,2016-02-01-5-12-05PM,5083.0
1101,1454317926083,2016-02-01-5-12-06PM,6569.0
1102,1454317926261,2016-02-01-5-12-06PM,7865.0
1103,1454317926442,2016-02-01-5-12-06PM,8211.0
1104,1454317926620,2016-02-01-5-12-06PM,8178.0
1105,1454317926799,2016-02-01-5-12-06PM,8139.0
1106,1454317926981,2016-02-01-5-12-06PM,7564.0
1107,1454317927163,2016-02-01-5-12-07PM,6605.0
1108,1454317927342,2016-02-01-5-12-07PM,7006.0
1109,1454317927523,2016-02-01-5-12-07PM,7330.0
1110,1454317927702,2016-02-01-5-12-07PM,7486.0
1111,1454317927879,2016-02-01-5-12-07PM,7558.0
1112,1454317928058,2016-02-01-5-12-08PM,7952.0
1113,1454317928237,2016-02-01-5-12-08PM,7467.0
1114,1454317928416,2016-02-01-5-12-08PM,7035.0
1115,1454317928598,2016-02-01-5-12-08PM,7355.0
1116,1454317928780,2016-02-01-5-12-08PM,7477.0
1117,1454317928959,2016-02-01-5-12-08PM,7503.0
1118,1454317929141,2016-02-01-5-12-09PM,7864.0
1119,1454317929321,2016-02-01-5-12-09PM,8079.0
1120,1454317929501,2016-02-01-5-12-09PM,7361.0
1121,1454317929680,2016-02-01-5-12-09PM,7099.0
1122,1454317929860,2016-02-01-5-12-09PM,7554.0
1123,1454317930038,2016-02-01-5-12-10PM,7621.0
1124,1454317930219,2016-02-01-5-12-10PM,7577.0
1125,1454317930402,2016-02-01-5-12-10PM,7759.0
1126,1454317930580,2016-02-01-5-12-10PM,7917.0
1127,1454317930761,2016-02-01-5-12-10PM,7498.0
1128,1454317930943,2016-02-01-5-12-10PM,7373.0
1129,1454317931123,2016-02-01-5-12-11PM,7716.0
1130,1454317931302,2016-02-01-5-12-11PM,7815.0
1131,1454317931480,2016-02-01-5-12-11PM,7919.0
1132,1454317931660,2016-02-01-5-12-11PM,7979.0
1133,1454317931839,2016-02-01-5-12-11PM,8186.0
1134,1454317932023,2016-02-01-5-12-12PM,7742.0
1135,1454317932197,2016-02-01-5-12-12PM,7592.0
1136,1454317932379,2016-02-01-5-12-12PM,7711.0
1137,1454317932560,2016-02-01-5-12-12PM,7727.0
1138,1454317932739,2016-02-01-5-12-12PM,7732.0
1139,1454317932919,2016-02-01-5-12-12PM,7722.0
1140,1454317933096,2016-02-01-5-12-13PM,7887.0
1141,1454317933273,2016-02-01-5-12-13PM,7622.0
1142,1454317933457,2016-02-01-5-12-13PM,7533.0
1143,1454317933638,2016-02-01-5-12-13PM,7564.0
1144,1454317933818,2016-02-01-5-12-13PM,7496.0
1145,1454317933997,2016-02-01-5-12-13PM,7634.0
1146,1454317934181,2016-02-01-5-12-14PM,7713.0
1147,1454317934362,2016-02-01-5-12-14PM,7779.0
1148,1454317934541,2016-02-01-5-12-14PM,7563.0
1149,1454317934720,2016-02-01-5-12-14PM,7478.0
1150,1454317934898,2016-02-01-5-12-14PM,7356.0
1151,1454317935078,2016-02-01-5-12-15PM,7337.0
1152,1454317935261,2016-02-01-5-12-15PM,7473.0
1153,1454317935439,2016-02-01-5-12-15PM,7385.0
1154,1454317935617,2016-02-01-5-12-15PM,7341.0
1155,1454317935797,2016-02-01-5-12-15PM,7393.0
1156,1454317935979,2016-02-01-5-12-15PM,7316.0
1157,1454317936158,2016-02-01-5-12-16PM,6935.0
1158,1454317936337,2016-02-01-5-12-16PM,6881.0
1159,1454317936515,2016-02-01-5-12-16PM,6775.0
1160,1454317936695,2016-02-01-5-12-16PM,6538.0
1161,1454317936877,2016-02-01-5-12-16PM,6377.0
1162,1454317937054,2016-02-01-5-12-17PM,6439.0
1163,1454317937236,2016-02-01-5-12-17PM,6455.0
1164,1454317937417,2016-02-01-5-12-17PM,6442.0
1165,1454317937594,2016-02-01-5-12-17PM,6519.0
1166,1454317937773,2016-02-01-5-12-17PM,6586.0
1167,1454317937953,2016-02-01-5-12-17PM,6581.0
1168,1454317938137,2016-02-01-5-12-18PM,6644.0
1169,1454317938314,2016-02-01-5-12-18PM,6824.0
1170,1454317938497,2016-02-01-5-12-18PM,7050.0
1171,1454317938677,2016-02-01-5-12-18PM,7101.0
1172,1454317938859,2016-02-01-5-12-18PM,7265.0
1173,1454317939037,2016-02-01-5-12-19PM,7374.0
1174,1454317939216,2016-02-01-5-12-19PM,7233.0
1175,1454317939395,2016-02-01-5-12-19PM,7095.0
1176,1454317939571,2016-02-01-5-12-19PM,7218.0
1177,1454317939751,2016-02-01-5-12-19PM,7136.0
1178,1454317939929,2016-02-01-5-12-19PM,6974.0
1179,1454317940110,2016-02-01-5-12-20PM,6920.0
1180,1454317940287,2016-02-01-5-12-20PM,6802.0
1181,1454317940471,2016-02-01-5-12-20PM,6647.0
1182,1454317940654,2016-02-01-5-12-20PM,6591.0
1183,1454317940834,2016-02-01-5-12-20PM,6785.0
1184,1454317941017,2016-02-01-5-12-21PM,6646.0
1185,1454317941193,2016-02-01-5-12-21PM,6096.0
1186,1454317941379,2016-02-01-5-12-21PM,6043.0
1187,1454317941560,2016-02-01-5-12-21PM,6011.0
1188,1454317941740,2016-02-01-5-12-21PM,5866.0
1189,1454317941918,2016-02-01-5-12-21PM,6110.0
1190,1454317942099,2016-02-01-5-12-22PM,6598.0
1191,1454317942276,2016-02-01-5-12-22PM,6755.0
1192,1454317942456,2016-02-01-5-12-22PM,6016.0
1193,1454317942638,2016-02-01-5-12-22PM,5935.0
1194,1454317942817,2016-02-01-5-12-22PM,5758.0
1195,1454317942998,2016-02-01-5-12-22PM,5523.0
1196,1454317943176,2016-02-01-5-12-23PM,5580.0
1197,1454317943357,2016-02-01-5-12-23PM,6140.0
1198,1454317943537,2016-02-01-5-12-23PM,5723.0
1199,1454317943714,2016-02-01-5-12-23PM,5196.0
1200,1454317943894,2016-02-01-5-12-23PM,5389.0
1201,1454317944074,2016-02-01-5-12-24PM,5175.0
1202,1454317944255,2016-02-01-5-12-24PM,4809.0
1203,1454317944434,2016-02-01-5-12-24PM,4845.0
1204,1454317944609,2016-02-01-5-12-24PM,5568.0
1205,1454317944789,2016-02-01-5-12-24PM,5362.0
1206,1454317944969,2016-02-01-5-12-24PM,5076.0
1207,1454317945147,2016-02-01-5-12-25PM,4769.0
1208,1454317945325,2016-02-01-5-12-25PM,4379.0
1209,1454317945508,2016-02-01-5-12-25PM,4161.0
1210,1454317945691,2016-02-01-5-12-25PM,4102.0
1211,1454317945870,2016-02-01-5-12-25PM,4428.0
1212,1454317946051,2016-02-01-5-12-26PM,4302.0
1213,1454317946229,2016-02-01-5-12-26PM,3955.0
1214,1454317946407,2016-02-01-5-12-26PM,4132.0
1215,1454317946588,2016-02-01-5-12-26PM,4029.0
1216,1454317946766,2016-02-01-5-12-26PM,3949.0
1217,1454317946949,2016-02-01-5-12-26PM,3942.0
1218,1454317947127,2016-02-01-5-12-27PM,4144.0
1219,1454317947311,2016-02-01-5-12-27PM,4167.0
1220,1454317947491,2016-02-01-5-12-27PM,3967.0
1221,1454317947791,2016-02-01-5-12-27PM,3908.0
1222,1454317947792,2016-02-01-5-12-27PM,3908.0
1223,1454317947972,2016-02-01-5-12-27PM,3679.0
1224,1454317948154,2016-02-01-5-12-28PM,3431.0
1225,1454317948336,2016-02-01-5-12-28PM,3469.0
1226,1454317948518,2016-02-01-5-12-28PM,3427.0
1227,1454317948697,2016-02-01-5-12-28PM,3243.0
1228,1454317948881,2016-02-01-5-12-28PM,3077.0
1229,1454317949060,2016-02-01-5-12-29PM,3023.0
1230,1454317949243,2016-02-01-5-12-29PM,3025.0
1231,1454317949425,2016-02-01-5-12-29PM,3008.0
1232,1454317949606,2016-02-01-5-12-29PM,3215.0
1233,1454317949788,2016-02-01-5-12-29PM,3454.0
1234,1454317952069,2016-02-01-5-12-32PM,3963.0
1235,1454317952252,2016-02-01-5-12-32PM,4461.0
1236,1454317952434,2016-02-01-5-12-32PM,4516.0
1237,1454317952613,2016-02-01-5-12-32PM,4521.0
1238,1454317952792,2016-02-01-5-12-32PM,4452.0
1239,1454317952970,2016-02-01-5-12-32PM,4487.0
1240,1454317953154,2016-02-01-5-12-33PM,4486.0
1241,1454317953337,2016-02-01-5-12-33PM,4321.0
1242,1454317953516,2016-02-01-5-12-33PM,4138.0
1243,1454317953724,2016-02-01-5-12-33PM,4260.0
1244,1454317953883,2016-02-01-5-12-33PM,4287.0
1245,1454317954062,2016-02-01-5-12-34PM,4097.0
1246,1454317954240,2016-02-01-5-12-34PM,4037.0
1247,1454317954418,2016-02-01-5-12-34PM,3391.0
1248,1454317954597,2016-02-01-5-12-34PM,2852.0
1249,1454317954778,2016-02-01-5-12-34PM,2525.0
1250,1454317954961,2016-02-01-5-12-34PM,2139.0
1251,1454317955142,2016-02-01-5-12-35PM,1842.0
1252,1454317955322,2016-02-01-5-12-35PM,1578.0
1253,1454317955503,2016-02-01-5-12-35PM,1220.0
1254,1454317955682,2016-02-01-5-12-35PM,1050.0
1255,1454317955861,2016-02-01-5-12-35PM,801.0
1256,1454317956039,2016-02-01-5-12-36PM,663.0
1257,1454317956218,2016-02-01-5-12-36PM,365.0
1258,1454317956396,2016-02-01-5-12-36PM,272.0
1259,1454317956574,2016-02-01-5-12-36PM,299.0
1260,1454317956756,2016-02-01-5-12-36PM,426.0
1261,1454317956938,2016-02-01-5-12-36PM,470.0
1262,1454317957119,2016-02-01-5-12-37PM,482.0
1263,1454317957302,2016-02-01-5-12-37PM,487.0
1264,1454317957483,2016-02-01-5-12-37PM,478.0
1265,1454317957660,2016-02-01-5-12-37PM,448.0
1266,1454317957841,2016-02-01-5-12-37PM,381.0
1267,1454317958020,2016-02-01-5-12-38PM,286.0
1268,1454317958202,2016-02-01-5-12-38PM,203.0
1269,1454317958380,2016-02-01-5-12-38PM,129.0
1270,1454317958560,2016-02-01-5-12-38PM,123.0
1271,1454317958741,2016-02-01-5-12-38PM,121.0
1272,1454317958925,2016-02-01-5-12-38PM,70.0
1273,1454317959103,2016-02-01-5-12-39PM,70.0
1274,1454317959284,2016-02-01-5-12-39PM,70.0
1275,1454317959463,2016-02-01-5-12-39PM,63.0
1276,1454317959644,2016-02-01-5-12-39PM,61.0
1277,1454317959825,2016-02-01-5-12-39PM,78.0
1278,1454317960003,2016-02-01-5-12-40PM,54.0
1279,1454317960179,2016-02-01-5-12-40PM,69.0
1280,1454317960361,2016-02-01-5-12-40PM,124.0
1281,1454317960541,2016-02-01-5-12-40PM,141.0
1282,1454317960719,2016-02-01-5-12-40PM,157.0
1283,1454317960902,2016-02-01-5-12-40PM,154.0
1284,1454317961086,2016-02-01-5-12-41PM,230.0
1285,1454317961268,2016-02-01-5-12-41PM,285.0
1286,1454317961451,2016-02-01-5-12-41PM,288.0
1287,1454317961630,2016-02-01-5-12-41PM,273.0
1288,1454317961818,2016-02-01-5-12-41PM,261.0
1289,1454317961996,2016-02-01-5-12-41PM,239.0
1290,1454317962174,2016-02-01-5-12-42PM,186.0
1291,1454317962355,2016-02-01-5-12-42PM,129.0
1292,1454317962533,2016-02-01-5-12-42PM,94.0
1293,1454317962715,2016-02-01-5-12-42PM,79.0
1294,1454317962892,2016-02-01-5-12-42PM,66.0
1295,1454317963071,2016-02-01-5-12-43PM,58.0
1296,1454317963250,2016-02-01-5-12-43PM,51.0
1297,1454317963432,2016-02-01-5-12-43PM,53.0
1298,1454317963617,2016-02-01-5-12-43PM,103.0
1299,1454317963797,2016-02-01-5-12-43PM,118.0
1300,1454317963978,2016-02-01-5-12-43PM,163.0
1301,1454317964156,2016-02-01-5-12-44PM,247.0
1302,1454317964336,2016-02-01-5-12-44PM,298.0
1303,1454317964512,2016-02-01-5-12-44PM,314.0
1304,1454317964691,2016-02-01-5-12-44PM,326.0
1305,1454317964869,2016-02-01-5-12-44PM,336.0
1306,1454317965046,2016-02-01-5-12-45PM,342.0
1307,1454317965229,2016-02-01-5-12-45PM,317.0
1308,1454317965410,2016-02-01-5-12-45PM,282.0
1309,1454317965586,2016-02-01-5-12-45PM,233.0
1310,1454317965770,2016-02-01-5-12-45PM,190.0
1311,1454317965950,2016-02-01-5-12-45PM,142.0
1312,1454317966132,2016-02-01-5-12-46PM,124.0
1313,1454317966310,2016-02-01-5-12-46PM,96.0
1314,1454317966489,2016-02-01-5-12-46PM,72.0
1315,1454317966670,2016-02-01-5-12-46PM,65.0
1316,1454317966848,2016-02-01-5-12-46PM,54.0
1317,1454317967031,2016-02-01-5-12-47PM,52.0
1318,1454317967210,2016-02-01-5-12-47PM,53.0
1319,1454317967389,2016-02-01-5-12-47PM,54.0
1320,1454317967569,2016-02-01-5-12-47PM,60.0
1321,1454317967747,2016-02-01-5-12-47PM,68.0
1322,1454317967928,2016-02-01-5-12-47PM,149.0
1323,1454317968104,2016-02-01-5-12-48PM,224.0
1324,1454317968284,2016-02-01-5-12-48PM,254.0
1325,1454317968466,2016-02-01-5-12-48PM,281.0
1326,1454317968648,2016-02-01-5-12-48PM,288.0
